 Reporting Area,MMWR Year,MMWR Week,"Giardiasis, Current week"
UNITED STATES,2018,1,43
NEW ENGLAND,2018,1,1
MID. ATLANTIC,2018,1,20
NEW YORK CITY,2018,1,14
E.N. CENTRAL,2018,1,7
W.N. CENTRAL,2018,1,3
S. ATLANTIC,2018,1,4
E.S. CENTRAL,2018,1,
W.S. CENTRAL,2018,1,1
MOUNTAIN,2018,1,3
PACIFIC,2018,1,4
AMER. SAMOA,2018,1,
RHODE ISLAND,2018,1,
VERMONT,2018,1,
IDAHO,2018,1,1
PUERTO RICO,2018,1,
WISCONSIN,2018,1,1
ALABAMA,2018,1,
NEBRASKA,2018,1,
VIRGIN ISL.,2018,1,
DELAWARE,2018,1,
ARIZONA,2018,1,2
NEW MEXICO,2018,1,
TENNESSEE,2018,1,
UTAH,2018,1,
OREGON,2018,1,4
PENNSYLVANIA,2018,1,4
ALASKA,2018,1,
KANSAS,2018,1,
NEVADA,2018,1,
WASHINGTON,2018,1,
WYOMING,2018,1,
IOWA,2018,1,
OHIO,2018,1,4
NEW HAMPSHIRE,2018,1,
OKLAHOMA,2018,1,
MONTANA,2018,1,
NEW JERSEY,2018,1,
LOUISIANA,2018,1,
GEORGIA,2018,1,
ILLINOIS,2018,1,
VIRGINIA,2018,1,1
NORTH DAKOTA,2018,1,
MINNESOTA,2018,1,
MICHIGAN,2018,1,2
SOUTH CAROLINA,2018,1,
MASSACHUSETTS,2018,1,
MISSOURI,2018,1,3
WEST VIRGINIA,2018,1,
SOUTH DAKOTA,2018,1,
NEW YORK,2018,1,2
COLORADO,2018,1,
DIST. OF COL.,2018,1,
HAWAII,2018,1,
FLORIDA,2018,1,
NORTH CAROLINA,2018,1,
ARKANSAS,2018,1,1
MISSISSIPPI,2018,1,
C.N.M.I.,2018,1,
MARYLAND,2018,1,3
GUAM,2018,1,
MAINE,2018,1,1
CALIFORNIA,2018,1,
TEXAS,2018,1,
CONNECTICUT,2018,1,
KENTUCKY,2018,1,
INDIANA,2018,1,
ALASKA,2018,2,
MAINE,2018,2,
GEORGIA,2018,2,
W.N. CENTRAL,2018,2,2
MARYLAND,2018,2,2
VERMONT,2018,2,
IDAHO,2018,2,
OKLAHOMA,2018,2,
C.N.M.I.,2018,2,
UTAH,2018,2,
PENNSYLVANIA,2018,2,5
TENNESSEE,2018,2,
GUAM,2018,2,
IOWA,2018,2,
MISSOURI,2018,2,
LOUISIANA,2018,2,
ILLINOIS,2018,2,
KANSAS,2018,2,
VIRGIN ISL.,2018,2,
COLORADO,2018,2,
MOUNTAIN,2018,2,
S. ATLANTIC,2018,2,6
HAWAII,2018,2,
ARKANSAS,2018,2,
NEW YORK,2018,2,4
FLORIDA,2018,2,
PACIFIC,2018,2,6
NORTH DAKOTA,2018,2,
WEST VIRGINIA,2018,2,
SOUTH CAROLINA,2018,2,1
NEW YORK CITY,2018,2,19
WISCONSIN,2018,2,4
NEW MEXICO,2018,2,
E.N. CENTRAL,2018,2,6
MISSISSIPPI,2018,2,
AMER. SAMOA,2018,2,
INDIANA,2018,2,
ALABAMA,2018,2,
CALIFORNIA,2018,2,
MICHIGAN,2018,2,
ARIZONA,2018,2,
OHIO,2018,2,2
DIST. OF COL.,2018,2,
CONNECTICUT,2018,2,
RHODE ISLAND,2018,2,
KENTUCKY,2018,2,
E.S. CENTRAL,2018,2,
MONTANA,2018,2,
NEW ENGLAND,2018,2,
W.S. CENTRAL,2018,2,
SOUTH DAKOTA,2018,2,
VIRGINIA,2018,2,3
MID. ATLANTIC,2018,2,28
TEXAS,2018,2,
MINNESOTA,2018,2,
DELAWARE,2018,2,
OREGON,2018,2,6
NEW HAMPSHIRE,2018,2,
WYOMING,2018,2,
PUERTO RICO,2018,2,
NEVADA,2018,2,
NORTH CAROLINA,2018,2,
UNITED STATES,2018,2,48
WASHINGTON,2018,2,
NEW JERSEY,2018,2,
NEBRASKA,2018,2,2
MASSACHUSETTS,2018,2,
E.S. CENTRAL,2018,3,
NEW MEXICO,2018,3,
INDIANA,2018,3,
COLORADO,2018,3,
TENNESSEE,2018,3,
DELAWARE,2018,3,
ARIZONA,2018,3,6
IOWA,2018,3,
HAWAII,2018,3,
DIST. OF COL.,2018,3,
VIRGIN ISL.,2018,3,
MISSISSIPPI,2018,3,
NEBRASKA,2018,3,2
OHIO,2018,3,21
ALABAMA,2018,3,
KANSAS,2018,3,
NORTH DAKOTA,2018,3,
ILLINOIS,2018,3,
WEST VIRGINIA,2018,3,1
GUAM,2018,3,
NEVADA,2018,3,
UTAH,2018,3,2
NEW YORK,2018,3,1
NEW HAMPSHIRE,2018,3,
CALIFORNIA,2018,3,
NORTH CAROLINA,2018,3,
NEW JERSEY,2018,3,
GEORGIA,2018,3,
PACIFIC,2018,3,6
ALASKA,2018,3,
WISCONSIN,2018,3,4
IDAHO,2018,3,
UNITED STATES,2018,3,90
W.N. CENTRAL,2018,3,4
AMER. SAMOA,2018,3,
FLORIDA,2018,3,15
PENNSYLVANIA,2018,3,8
OKLAHOMA,2018,3,
VIRGINIA,2018,3,2
MOUNTAIN,2018,3,9
RHODE ISLAND,2018,3,
SOUTH CAROLINA,2018,3,1
TEXAS,2018,3,
PUERTO RICO,2018,3,
NEW ENGLAND,2018,3,
W.S. CENTRAL,2018,3,1
VERMONT,2018,3,
MONTANA,2018,3,1
MISSOURI,2018,3,2
OREGON,2018,3,5
MICHIGAN,2018,3,
SOUTH DAKOTA,2018,3,
MAINE,2018,3,
KENTUCKY,2018,3,
E.N. CENTRAL,2018,3,25
CONNECTICUT,2018,3,
S. ATLANTIC,2018,3,19
MARYLAND,2018,3,
C.N.M.I.,2018,3,
WASHINGTON,2018,3,1
MID. ATLANTIC,2018,3,26
NEW YORK CITY,2018,3,17
MASSACHUSETTS,2018,3,
LOUISIANA,2018,3,
ARKANSAS,2018,3,1
MINNESOTA,2018,3,
WYOMING,2018,3,
HAWAII,2018,4,
GEORGIA,2018,4,11
IDAHO,2018,4,
W.S. CENTRAL,2018,4,2
C.N.M.I.,2018,4,
KENTUCKY,2018,4,
VIRGINIA,2018,4,5
ALABAMA,2018,4,2
NORTH CAROLINA,2018,4,
VIRGIN ISL.,2018,4,
MICHIGAN,2018,4,
CONNECTICUT,2018,4,
E.S. CENTRAL,2018,4,2
MOUNTAIN,2018,4,6
GUAM,2018,4,
OREGON,2018,4,1
KANSAS,2018,4,
DELAWARE,2018,4,
MISSISSIPPI,2018,4,
PENNSYLVANIA,2018,4,
WYOMING,2018,4,
ARKANSAS,2018,4,2
WISCONSIN,2018,4,3
COLORADO,2018,4,
NEW JERSEY,2018,4,
DIST. OF COL.,2018,4,
MASSACHUSETTS,2018,4,
UTAH,2018,4,2
ALASKA,2018,4,
NEW ENGLAND,2018,4,1
INDIANA,2018,4,
ILLINOIS,2018,4,
LOUISIANA,2018,4,
W.N. CENTRAL,2018,4,2
MARYLAND,2018,4,
NEW YORK,2018,4,11
PUERTO RICO,2018,4,
WEST VIRGINIA,2018,4,
S. ATLANTIC,2018,4,16
MISSOURI,2018,4,1
NEW HAMPSHIRE,2018,4,
E.N. CENTRAL,2018,4,9
WASHINGTON,2018,4,2
MAINE,2018,4,1
NEW YORK CITY,2018,4,25
MINNESOTA,2018,4,
FLORIDA,2018,4,
NEVADA,2018,4,
AMER. SAMOA,2018,4,
TEXAS,2018,4,
IOWA,2018,4,
OKLAHOMA,2018,4,
PACIFIC,2018,4,5
NORTH DAKOTA,2018,4,
ARIZONA,2018,4,3
UNITED STATES,2018,4,79
TENNESSEE,2018,4,
OHIO,2018,4,6
MID. ATLANTIC,2018,4,36
VERMONT,2018,4,
MONTANA,2018,4,1
NEBRASKA,2018,4,1
CALIFORNIA,2018,4,2
SOUTH DAKOTA,2018,4,
SOUTH CAROLINA,2018,4,
NEW MEXICO,2018,4,
RHODE ISLAND,2018,4,
MINNESOTA,2018,5,
WISCONSIN,2018,5,1
UTAH,2018,5,1
MISSOURI,2018,5,3
UNITED STATES,2018,5,100
NEW ENGLAND,2018,5,4
NEW YORK CITY,2018,5,25
MISSISSIPPI,2018,5,
NORTH DAKOTA,2018,5,
MAINE,2018,5,3
VIRGINIA,2018,5,5
C.N.M.I.,2018,5,
ARKANSAS,2018,5,3
ILLINOIS,2018,5,
IOWA,2018,5,1
NEVADA,2018,5,
VIRGIN ISL.,2018,5,
LOUISIANA,2018,5,
ARIZONA,2018,5,2
CALIFORNIA,2018,5,6
HAWAII,2018,5,
KENTUCKY,2018,5,
S. ATLANTIC,2018,5,11
OHIO,2018,5,19
MICHIGAN,2018,5,2
E.S. CENTRAL,2018,5,
CONNECTICUT,2018,5,1
WASHINGTON,2018,5,1
TEXAS,2018,5,
IDAHO,2018,5,2
AMER. SAMOA,2018,5,
DELAWARE,2018,5,
NEBRASKA,2018,5,1
MID. ATLANTIC,2018,5,38
RHODE ISLAND,2018,5,
GUAM,2018,5,
INDIANA,2018,5,
NEW MEXICO,2018,5,
MARYLAND,2018,5,4
GEORGIA,2018,5,2
OKLAHOMA,2018,5,
PUERTO RICO,2018,5,
VERMONT,2018,5,
COLORADO,2018,5,
E.N. CENTRAL,2018,5,22
SOUTH DAKOTA,2018,5,
PACIFIC,2018,5,11
ALASKA,2018,5,
ALABAMA,2018,5,
NORTH CAROLINA,2018,5,
MONTANA,2018,5,1
NEW HAMPSHIRE,2018,5,
NEW JERSEY,2018,5,
W.S. CENTRAL,2018,5,3
SOUTH CAROLINA,2018,5,
MOUNTAIN,2018,5,6
TENNESSEE,2018,5,
DIST. OF COL.,2018,5,
PENNSYLVANIA,2018,5,2
FLORIDA,2018,5,
MASSACHUSETTS,2018,5,
OREGON,2018,5,4
WYOMING,2018,5,
KANSAS,2018,5,
NEW YORK,2018,5,11
W.N. CENTRAL,2018,5,5
WEST VIRGINIA,2018,5,
OREGON,2018,6,7
FLORIDA,2018,6,12
ARIZONA,2018,6,3
MAINE,2018,6,
PACIFIC,2018,6,11
PENNSYLVANIA,2018,6,5
MISSISSIPPI,2018,6,
GEORGIA,2018,6,6
OKLAHOMA,2018,6,
DELAWARE,2018,6,
NEW MEXICO,2018,6,
NEW JERSEY,2018,6,
KENTUCKY,2018,6,
MASSACHUSETTS,2018,6,
S. ATLANTIC,2018,6,20
WASHINGTON,2018,6,
WEST VIRGINIA,2018,6,
E.N. CENTRAL,2018,6,6
E.S. CENTRAL,2018,6,1
GUAM,2018,6,
MID. ATLANTIC,2018,6,35
PUERTO RICO,2018,6,
DIST. OF COL.,2018,6,
KANSAS,2018,6,
ILLINOIS,2018,6,
MISSOURI,2018,6,6
MONTANA,2018,6,1
UTAH,2018,6,1
W.S. CENTRAL,2018,6,2
NEW YORK,2018,6,15
WISCONSIN,2018,6,1
ARKANSAS,2018,6,2
LOUISIANA,2018,6,
NEW ENGLAND,2018,6,
CALIFORNIA,2018,6,4
UNITED STATES,2018,6,88
MARYLAND,2018,6,
IOWA,2018,6,
NEVADA,2018,6,
MINNESOTA,2018,6,
WYOMING,2018,6,
IDAHO,2018,6,1
INDIANA,2018,6,
SOUTH DAKOTA,2018,6,
ALABAMA,2018,6,1
VERMONT,2018,6,
CONNECTICUT,2018,6,
TEXAS,2018,6,
NEBRASKA,2018,6,1
NORTH CAROLINA,2018,6,
HAWAII,2018,6,
RHODE ISLAND,2018,6,
ALASKA,2018,6,
OHIO,2018,6,5
VIRGINIA,2018,6,2
MICHIGAN,2018,6,
MOUNTAIN,2018,6,6
SOUTH CAROLINA,2018,6,
NEW HAMPSHIRE,2018,6,
NEW YORK CITY,2018,6,15
W.N. CENTRAL,2018,6,7
TENNESSEE,2018,6,
VIRGIN ISL.,2018,6,
NORTH DAKOTA,2018,6,
C.N.M.I.,2018,6,
AMER. SAMOA,2018,6,
COLORADO,2018,6,
NEW YORK CITY,2018,7,
DELAWARE,2018,7,
CONNECTICUT,2018,7,1
OREGON,2018,7,3
VIRGINIA,2018,7,4
MONTANA,2018,7,1
NEW JERSEY,2018,7,
MOUNTAIN,2018,7,8
MICHIGAN,2018,7,
MISSISSIPPI,2018,7,
VIRGIN ISL.,2018,7,
W.N. CENTRAL,2018,7,3
PACIFIC,2018,7,4
VERMONT,2018,7,
WYOMING,2018,7,
MISSOURI,2018,7,
NEBRASKA,2018,7,3
TENNESSEE,2018,7,
NORTH DAKOTA,2018,7,
DIST. OF COL.,2018,7,
OHIO,2018,7,6
INDIANA,2018,7,
W.S. CENTRAL,2018,7,1
WASHINGTON,2018,7,1
TEXAS,2018,7,
NEW HAMPSHIRE,2018,7,
WISCONSIN,2018,7,3
PUERTO RICO,2018,7,
LOUISIANA,2018,7,
ALABAMA,2018,7,1
ILLINOIS,2018,7,
C.N.M.I.,2018,7,
S. ATLANTIC,2018,7,16
UTAH,2018,7,4
IDAHO,2018,7,2
GUAM,2018,7,
ARIZONA,2018,7,1
OKLAHOMA,2018,7,
HAWAII,2018,7,
MASSACHUSETTS,2018,7,5
SOUTH CAROLINA,2018,7,
PENNSYLVANIA,2018,7,5
AMER. SAMOA,2018,7,
IOWA,2018,7,
FLORIDA,2018,7,
CALIFORNIA,2018,7,
RHODE ISLAND,2018,7,
WEST VIRGINIA,2018,7,
MINNESOTA,2018,7,
NEW YORK,2018,7,17
UNITED STATES,2018,7,72
NEVADA,2018,7,
SOUTH DAKOTA,2018,7,
NORTH CAROLINA,2018,7,
E.S. CENTRAL,2018,7,1
MARYLAND,2018,7,3
KENTUCKY,2018,7,
ARKANSAS,2018,7,1
MID. ATLANTIC,2018,7,22
KANSAS,2018,7,
NEW MEXICO,2018,7,
E.N. CENTRAL,2018,7,9
COLORADO,2018,7,
GEORGIA,2018,7,9
NEW ENGLAND,2018,7,8
ALASKA,2018,7,
MAINE,2018,7,2
ARKANSAS,2018,8,
W.N. CENTRAL,2018,8,2
UTAH,2018,8,2
GEORGIA,2018,8,3
WASHINGTON,2018,8,
WYOMING,2018,8,
MARYLAND,2018,8,
E.N. CENTRAL,2018,8,15
SOUTH DAKOTA,2018,8,
MAINE,2018,8,
SOUTH CAROLINA,2018,8,
MOUNTAIN,2018,8,3
NEW JERSEY,2018,8,
NEW YORK,2018,8,11
IDAHO,2018,8,
ALABAMA,2018,8,
TEXAS,2018,8,
DIST. OF COL.,2018,8,
KENTUCKY,2018,8,
W.S. CENTRAL,2018,8,
PACIFIC,2018,8,3
AMER. SAMOA,2018,8,
WEST VIRGINIA,2018,8,
ILLINOIS,2018,8,
MICHIGAN,2018,8,
MINNESOTA,2018,8,
KANSAS,2018,8,
S. ATLANTIC,2018,8,14
NEW ENGLAND,2018,8,1
PENNSYLVANIA,2018,8,4
VIRGINIA,2018,8,
RHODE ISLAND,2018,8,
LOUISIANA,2018,8,
TENNESSEE,2018,8,
DELAWARE,2018,8,
VERMONT,2018,8,
NEVADA,2018,8,
MONTANA,2018,8,
NEBRASKA,2018,8,
ARIZONA,2018,8,1
OKLAHOMA,2018,8,
MISSOURI,2018,8,2
NEW HAMPSHIRE,2018,8,
CONNECTICUT,2018,8,1
WISCONSIN,2018,8,3
NORTH DAKOTA,2018,8,
HAWAII,2018,8,
UNITED STATES,2018,8,66
NORTH CAROLINA,2018,8,
CALIFORNIA,2018,8,
ALASKA,2018,8,
COLORADO,2018,8,
INDIANA,2018,8,
OHIO,2018,8,12
OREGON,2018,8,3
MISSISSIPPI,2018,8,
NEW YORK CITY,2018,8,13
NEW MEXICO,2018,8,
MID. ATLANTIC,2018,8,28
E.S. CENTRAL,2018,8,
MASSACHUSETTS,2018,8,
FLORIDA,2018,8,11
WEST VIRGINIA,2018,9,
PACIFIC,2018,9,22
E.N. CENTRAL,2018,9,6
CALIFORNIA,2018,9,1
OHIO,2018,9,3
MINNESOTA,2018,9,
UNITED STATES,2018,9,89
WASHINGTON,2018,9,14
DELAWARE,2018,9,
NEW HAMPSHIRE,2018,9,
GUAM,2018,9,
WYOMING,2018,9,
SOUTH CAROLINA,2018,9,
LOUISIANA,2018,9,
SOUTH DAKOTA,2018,9,
PENNSYLVANIA,2018,9,4
NEBRASKA,2018,9,5
MISSISSIPPI,2018,9,
ARKANSAS,2018,9,6
NEW ENGLAND,2018,9,1
KENTUCKY,2018,9,
MONTANA,2018,9,1
AMER. SAMOA,2018,9,
GEORGIA,2018,9,
MOUNTAIN,2018,9,5
VERMONT,2018,9,
ARIZONA,2018,9,
MOUNTAIN,2018,13,13
FLORIDA,2018,9,
HAWAII,2018,9,
E.S. CENTRAL,2018,9,
MID. ATLANTIC,2018,9,36
ALASKA,2018,9,
NEW YORK CITY,2018,9,23
ALABAMA,2018,9,
INDIANA,2018,9,
NORTH DAKOTA,2018,9,
W.S. CENTRAL,2018,9,6
OKLAHOMA,2018,9,
TEXAS,2018,9,
S. ATLANTIC,2018,9,6
MARYLAND,2018,9,2
IDAHO,2018,9,2
W.N. CENTRAL,2018,9,7
MISSOURI,2018,9,2
C.N.M.I.,2018,9,
PUERTO RICO,2018,9,
MASSACHUSETTS,2018,9,
NEW JERSEY,2018,9,
CONNECTICUT,2018,9,
MAINE,2018,9,
NEW YORK,2018,9,9
UTAH,2018,9,2
IOWA,2018,9,
DIST. OF COL.,2018,9,
WISCONSIN,2018,9,1
COLORADO,2018,9,
NEW MEXICO,2018,9,
NEVADA,2018,9,
RHODE ISLAND,2018,9,1
NORTH CAROLINA,2018,9,
MICHIGAN,2018,9,2
VIRGIN ISL.,2018,9,
KANSAS,2018,9,
VIRGINIA,2018,9,4
ILLINOIS,2018,9,
OREGON,2018,9,7
TENNESSEE,2018,9,
NEW ENGLAND,2018,10,5
LOUISIANA,2018,10,2
PACIFIC,2018,10,11
NORTH CAROLINA,2018,10,
OHIO,2018,10,
AMER. SAMOA,2018,10,
NEVADA,2018,10,
PENNSYLVANIA,2018,10,
W.N. CENTRAL,2018,10,6
VERMONT,2018,10,
NEBRASKA,2018,10,3
VIRGINIA,2018,10,3
MAINE,2018,10,3
DIST. OF COL.,2018,10,
FLORIDA,2018,10,
W.S. CENTRAL,2018,10,4
IOWA,2018,10,
MICHIGAN,2018,10,1
PUERTO RICO,2018,10,
NORTH DAKOTA,2018,10,
ALASKA,2018,10,1
MOUNTAIN,2018,10,6
MISSISSIPPI,2018,10,
ARKANSAS,2018,10,2
SOUTH DAKOTA,2018,10,
INDIANA,2018,10,
MISSOURI,2018,10,3
DELAWARE,2018,10,
TEXAS,2018,10,
NEW YORK,2018,10,11
NEW YORK CITY,2018,10,20
NEW JERSEY,2018,10,
OKLAHOMA,2018,10,
UTAH,2018,10,2
WYOMING,2018,10,
E.N. CENTRAL,2018,10,4
SOUTH CAROLINA,2018,10,
MASSACHUSETTS,2018,10,
CONNECTICUT,2018,10,1
ARIZONA,2018,10,3
TENNESSEE,2018,10,
ALABAMA,2018,10,3
OREGON,2018,10,5
IDAHO,2018,10,1
KANSAS,2018,10,
NEW MEXICO,2018,10,
WASHINGTON,2018,10,4
VIRGIN ISL.,2018,10,
MARYLAND,2018,10,5
WEST VIRGINIA,2018,10,
RHODE ISLAND,2018,10,1
MID. ATLANTIC,2018,10,31
HAWAII,2018,10,
COLORADO,2018,10,
UNITED STATES,2018,10,78
GUAM,2018,10,
GEORGIA,2018,10,
NEW HAMPSHIRE,2018,10,
MINNESOTA,2018,10,
KENTUCKY,2018,10,
CALIFORNIA,2018,10,1
S. ATLANTIC,2018,10,8
ILLINOIS,2018,10,
WISCONSIN,2018,10,3
MONTANA,2018,10,
C.N.M.I.,2018,10,
E.S. CENTRAL,2018,10,3
FLORIDA,2018,11,
NEW MEXICO,2018,11,
WEST VIRGINIA,2018,11,
NORTH CAROLINA,2018,11,
NORTH DAKOTA,2018,11,
VERMONT,2018,11,
NEBRASKA,2018,11,1
PUERTO RICO,2018,11,
HAWAII,2018,11,
W.N. CENTRAL,2018,11,4
TEXAS,2018,11,
NEW JERSEY,2018,11,
MICHIGAN,2018,11,
MISSISSIPPI,2018,11,
LOUISIANA,2018,11,
MARYLAND,2018,11,2
MISSOURI,2018,11,2
OHIO,2018,11,11
MONTANA,2018,11,
DIST. OF COL.,2018,11,
WISCONSIN,2018,11,3
MASSACHUSETTS,2018,11,
GEORGIA,2018,11,
WASHINGTON,2018,11,20
ARKANSAS,2018,11,1
DELAWARE,2018,11,
IDAHO,2018,11,2
RHODE ISLAND,2018,11,
IOWA,2018,11,1
WYOMING,2018,11,
ILLINOIS,2018,11,
CALIFORNIA,2018,11,7
SOUTH CAROLINA,2018,11,
C.N.M.I.,2018,11,
ALASKA,2018,11,
INDIANA,2018,11,
SOUTH DAKOTA,2018,11,
NEW YORK,2018,11,10
KENTUCKY,2018,11,
UNITED STATES,2018,11,102
MINNESOTA,2018,11,
OKLAHOMA,2018,11,
AMER. SAMOA,2018,11,
VIRGINIA,2018,11,2
MOUNTAIN,2018,11,4
UTAH,2018,11,
W.S. CENTRAL,2018,11,1
E.N. CENTRAL,2018,11,14
VIRGIN ISL.,2018,11,
MID. ATLANTIC,2018,11,39
COLORADO,2018,11,
ALABAMA,2018,11,1
TENNESSEE,2018,11,
PENNSYLVANIA,2018,11,9
NEVADA,2018,11,
ARIZONA,2018,11,2
GUAM,2018,11,
KANSAS,2018,11,
NEW HAMPSHIRE,2018,11,
NEW YORK CITY,2018,11,20
MAINE,2018,11,3
NEW ENGLAND,2018,11,5
E.S. CENTRAL,2018,11,1
CONNECTICUT,2018,11,2
S. ATLANTIC,2018,11,4
OREGON,2018,11,3
PACIFIC,2018,11,30
OHIO,2018,12,16
NORTH CAROLINA,2018,12,
VIRGINIA,2018,12,3
MOUNTAIN,2018,12,5
TEXAS,2018,12,
NEVADA,2018,12,
TENNESSEE,2018,12,
S. ATLANTIC,2018,12,29
KANSAS,2018,12,
NEW YORK CITY,2018,12,22
MID. ATLANTIC,2018,12,40
DIST. OF COL.,2018,12,
MARYLAND,2018,12,2
W.S. CENTRAL,2018,12,3
DELAWARE,2018,12,
MISSISSIPPI,2018,12,
MAINE,2018,12,5
GEORGIA,2018,12,2
VIRGIN ISL.,2018,12,
NEW HAMPSHIRE,2018,12,
AMER. SAMOA,2018,12,
IDAHO,2018,12,4
RHODE ISLAND,2018,12,
OKLAHOMA,2018,12,
NEW JERSEY,2018,12,
MICHIGAN,2018,12,
MISSOURI,2018,12,2
IOWA,2018,12,
UTAH,2018,12,
KENTUCKY,2018,12,
NEBRASKA,2018,12,3
INDIANA,2018,12,
C.N.M.I.,2018,12,
WISCONSIN,2018,12,2
HAWAII,2018,12,
VERMONT,2018,12,
UNITED STATES,2018,12,123
LOUISIANA,2018,12,
E.N. CENTRAL,2018,12,18
SOUTH DAKOTA,2018,12,
WASHINGTON,2018,12,5
MINNESOTA,2018,12,
ARKANSAS,2018,12,3
MONTANA,2018,12,
PACIFIC,2018,12,10
ALABAMA,2018,12,
ARIZONA,2018,12,1
MASSACHUSETTS,2018,12,8
GUAM,2018,12,
NORTH DAKOTA,2018,12,
NEW MEXICO,2018,12,
CALIFORNIA,2018,12,3
ALASKA,2018,12,
ILLINOIS,2018,12,
NEW YORK,2018,12,15
FLORIDA,2018,12,22
PENNSYLVANIA,2018,12,3
COLORADO,2018,12,
SOUTH CAROLINA,2018,12,
OREGON,2018,12,2
PUERTO RICO,2018,12,
E.S. CENTRAL,2018,12,
WEST VIRGINIA,2018,12,
NEW ENGLAND,2018,12,13
WYOMING,2018,12,
CONNECTICUT,2018,12,
W.N. CENTRAL,2018,12,5
NEW YORK CITY,2018,13,19
ARKANSAS,2018,13,5
KENTUCKY,2018,13,
NEW JERSEY,2018,13,
OHIO,2018,13,6
NEW ENGLAND,2018,13,2
NEW YORK,2018,13,12
AMER. SAMOA,2018,13,
ALABAMA,2018,13,
COLORADO,2018,13,7
PENNSYLVANIA,2018,13,4
DELAWARE,2018,13,
SOUTH DAKOTA,2018,13,
VERMONT,2018,13,
PACIFIC,2018,13,7
IDAHO,2018,13,5
ILLINOIS,2018,13,
IOWA,2018,13,
E.N. CENTRAL,2018,13,6
NEVADA,2018,13,1
PUERTO RICO,2018,13,
S. ATLANTIC,2018,13,5
WEST VIRGINIA,2018,13,
KANSAS,2018,13,
LOUISIANA,2018,13,
MISSISSIPPI,2018,13,
CALIFORNIA,2018,13,4
ARIZONA,2018,13,
MONTANA,2018,13,
MAINE,2018,13,2
W.N. CENTRAL,2018,13,7
GUAM,2018,13,
C.N.M.I.,2018,13,
ALASKA,2018,13,1
FLORIDA,2018,13,
TEXAS,2018,13,
UTAH,2018,13,
MASSACHUSETTS,2018,13,
NEW MEXICO,2018,13,
W.S. CENTRAL,2018,13,5
VIRGINIA,2018,13,2
NEBRASKA,2018,13,4
DIST. OF COL.,2018,13,
MISSOURI,2018,13,3
WASHINGTON,2018,13,
TENNESSEE,2018,13,
HAWAII,2018,13,
NEW HAMPSHIRE,2018,13,
GEORGIA,2018,13,
VIRGIN ISL.,2018,13,
WISCONSIN,2018,13,
E.S. CENTRAL,2018,13,
UNITED STATES,2018,13,80
MARYLAND,2018,13,3
MID. ATLANTIC,2018,13,35
CONNECTICUT,2018,13,
MICHIGAN,2018,13,
NORTH CAROLINA,2018,13,
OREGON,2018,13,2
OKLAHOMA,2018,13,
INDIANA,2018,13,
RHODE ISLAND,2018,13,
MINNESOTA,2018,13,
NORTH DAKOTA,2018,13,
WYOMING,2018,13,
SOUTH CAROLINA,2018,13,
RHODE ISLAND,2018,14,2
WYOMING,2018,14,
CALIFORNIA,2018,14,5
MARYLAND,2018,14,1
GEORGIA,2018,14,
UNITED STATES,2018,14,106
IOWA,2018,14,
WEST VIRGINIA,2018,14,
AMER. SAMOA,2018,14,
PUERTO RICO,2018,14,
LOUISIANA,2018,14,
KENTUCKY,2018,14,
W.S. CENTRAL,2018,14,
TEXAS,2018,14,
TENNESSEE,2018,14,
OHIO,2018,14,1
OREGON,2018,14,1
MICHIGAN,2018,14,
GUAM,2018,14,
SOUTH CAROLINA,2018,14,
NEW JERSEY,2018,14,
ALABAMA,2018,14,
SOUTH DAKOTA,2018,14,
MAINE,2018,14,1
E.S. CENTRAL,2018,14,
COLORADO,2018,14,3
MOUNTAIN,2018,14,8
DELAWARE,2018,14,
MID. ATLANTIC,2018,14,37
HAWAII,2018,14,
KANSAS,2018,14,
IDAHO,2018,14,3
NORTH CAROLINA,2018,14,
FLORIDA,2018,14,
W.N. CENTRAL,2018,14,4
S. ATLANTIC,2018,14,1
CONNECTICUT,2018,14,1
MINNESOTA,2018,14,
ARIZONA,2018,14,1
ILLINOIS,2018,14,
NEBRASKA,2018,14,2
DIST. OF COL.,2018,14,
NEW MEXICO,2018,14,
NEW YORK,2018,14,13
NEW HAMPSHIRE,2018,14,
PENNSYLVANIA,2018,14,4
VERMONT,2018,14,
ALASKA,2018,14,
ARKANSAS,2018,14,
WISCONSIN,2018,14,6
VIRGINIA,2018,14,
PACIFIC,2018,14,45
WASHINGTON,2018,14,39
MONTANA,2018,14,
MISSOURI,2018,14,2
VIRGIN ISL.,2018,14,
NEW ENGLAND,2018,14,4
OKLAHOMA,2018,14,
MISSISSIPPI,2018,14,
INDIANA,2018,14,
NEW YORK CITY,2018,14,20
NEVADA,2018,14,
C.N.M.I.,2018,14,
UTAH,2018,14,1
NORTH DAKOTA,2018,14,
E.N. CENTRAL,2018,14,7
MASSACHUSETTS,2018,14,
SOUTH CAROLINA,2018,15,
INDIANA,2018,15,
DIST. OF COL.,2018,15,
W.S. CENTRAL,2018,15,1
MISSOURI,2018,15,4
NEW YORK CITY,2018,15,6
MARYLAND,2018,15,2
WASHINGTON,2018,15,3
WEST VIRGINIA,2018,15,
UNITED STATES,2018,15,66
KENTUCKY,2018,15,
E.S. CENTRAL,2018,15,
GUAM,2018,15,
KANSAS,2018,15,
PUERTO RICO,2018,15,
OKLAHOMA,2018,15,
W.N. CENTRAL,2018,15,5
MAINE,2018,15,4
ALASKA,2018,15,1
COLORADO,2018,15,3
IOWA,2018,15,
RHODE ISLAND,2018,15,
S. ATLANTIC,2018,15,4
FLORIDA,2018,15,
DELAWARE,2018,15,
CONNECTICUT,2018,15,
ILLINOIS,2018,15,
VIRGIN ISL.,2018,15,
OREGON,2018,15,7
NEW MEXICO,2018,15,1
NEBRASKA,2018,15,1
PENNSYLVANIA,2018,15,8
UTAH,2018,15,1
MICHIGAN,2018,15,
AMER. SAMOA,2018,15,
MINNESOTA,2018,15,
ARIZONA,2018,15,2
WISCONSIN,2018,15,3
OHIO,2018,15,2
MONTANA,2018,15,
MASSACHUSETTS,2018,15,
NORTH CAROLINA,2018,15,
E.N. CENTRAL,2018,15,5
NEW ENGLAND,2018,15,4
PACIFIC,2018,15,12
NEW YORK,2018,15,12
NEW JERSEY,2018,15,
ALABAMA,2018,15,
NEW HAMPSHIRE,2018,15,
MID. ATLANTIC,2018,15,26
LOUISIANA,2018,15,
MOUNTAIN,2018,15,9
NORTH DAKOTA,2018,15,
CALIFORNIA,2018,15,1
MISSISSIPPI,2018,15,
HAWAII,2018,15,
VIRGINIA,2018,15,2
GEORGIA,2018,15,
SOUTH DAKOTA,2018,15,
C.N.M.I.,2018,15,
VERMONT,2018,15,
TENNESSEE,2018,15,
ARKANSAS,2018,15,1
WYOMING,2018,15,
NEVADA,2018,15,
TEXAS,2018,15,
IDAHO,2018,15,2
C.N.M.I.,2018,16,
PUERTO RICO,2018,16,
NEW YORK,2018,16,11
VERMONT,2018,16,
WYOMING,2018,16,
IOWA,2018,16,
IDAHO,2018,16,2
MISSOURI,2018,16,
MARYLAND,2018,16,4
NORTH CAROLINA,2018,16,
HAWAII,2018,16,
NEW HAMPSHIRE,2018,16,
E.S. CENTRAL,2018,16,2
ILLINOIS,2018,16,
PENNSYLVANIA,2018,16,5
MISSISSIPPI,2018,16,
LOUISIANA,2018,16,1
NEW MEXICO,2018,16,
S. ATLANTIC,2018,16,5
AMER. SAMOA,2018,16,
NORTH DAKOTA,2018,16,
NEW YORK CITY,2018,16,17
FLORIDA,2018,16,
W.N. CENTRAL,2018,16,1
NEBRASKA,2018,16,1
CALIFORNIA,2018,16,16
ALABAMA,2018,16,2
MOUNTAIN,2018,19,17
DELAWARE,2018,16,
COLORADO,2018,16,
MINNESOTA,2018,16,
KENTUCKY,2018,16,
MASSACHUSETTS,2018,16,
INDIANA,2018,16,
PACIFIC,2018,16,33
KANSAS,2018,16,
ARKANSAS,2018,16,
WEST VIRGINIA,2018,16,
ALASKA,2018,16,2
TEXAS,2018,16,
MAINE,2018,16,2
NEVADA,2018,16,
MOUNTAIN,2018,16,3
NEW ENGLAND,2018,16,3
VIRGINIA,2018,16,1
MICHIGAN,2018,16,
GEORGIA,2018,16,
MID. ATLANTIC,2018,16,33
SOUTH DAKOTA,2018,16,
E.N. CENTRAL,2018,16,7
WASHINGTON,2018,16,11
RHODE ISLAND,2018,16,
GUAM,2018,16,
W.S. CENTRAL,2018,16,1
MONTANA,2018,16,
OREGON,2018,16,4
SOUTH CAROLINA,2018,16,
WISCONSIN,2018,16,1
UTAH,2018,16,
OHIO,2018,16,6
CONNECTICUT,2018,16,1
NEW JERSEY,2018,16,
TENNESSEE,2018,16,
UNITED STATES,2018,16,88
VIRGIN ISL.,2018,16,
OKLAHOMA,2018,16,
DIST. OF COL.,2018,16,
ARIZONA,2018,16,1
MID. ATLANTIC,2018,17,28
WASHINGTON,2018,17,1
ALASKA,2018,17,
SOUTH CAROLINA,2018,17,
VERMONT,2018,17,
ILLINOIS,2018,17,
WISCONSIN,2018,17,6
VIRGIN ISL.,2018,17,
PUERTO RICO,2018,17,
GUAM,2018,17,
CALIFORNIA,2018,17,4
MICHIGAN,2018,17,
GEORGIA,2018,17,
OHIO,2018,17,29
KANSAS,2018,17,
W.S. CENTRAL,2018,17,
C.N.M.I.,2018,17,
RHODE ISLAND,2018,17,
NEVADA,2018,17,
S. ATLANTIC,2018,17,8
INDIANA,2018,17,
NEW YORK CITY,2018,17,14
DELAWARE,2018,17,
VIRGINIA,2018,17,6
KENTUCKY,2018,17,
MONTANA,2018,17,2
NEW HAMPSHIRE,2018,17,2
ARIZONA,2018,17,2
PACIFIC,2018,17,9
SOUTH DAKOTA,2018,17,
E.N. CENTRAL,2018,17,35
NEW MEXICO,2018,17,
E.S. CENTRAL,2018,17,2
WYOMING,2018,17,
OREGON,2018,17,4
MISSOURI,2018,17,
NEW YORK,2018,17,11
OKLAHOMA,2018,17,
ALABAMA,2018,17,2
NORTH DAKOTA,2018,17,
MAINE,2018,17,2
TEXAS,2018,17,
UTAH,2018,17,1
LOUISIANA,2018,17,
AMER. SAMOA,2018,17,
UNITED STATES,2018,17,107
NEBRASKA,2018,17,2
NEW ENGLAND,2018,17,9
WEST VIRGINIA,2018,17,
PENNSYLVANIA,2018,17,2
HAWAII,2018,17,
FLORIDA,2018,17,
DIST. OF COL.,2018,17,
MISSISSIPPI,2018,17,
MOUNTAIN,2018,17,14
IOWA,2018,17,
TENNESSEE,2018,17,
NEW JERSEY,2018,17,1
CONNECTICUT,2018,17,1
MASSACHUSETTS,2018,17,4
NORTH CAROLINA,2018,17,
MARYLAND,2018,17,2
COLORADO,2018,17,6
ARKANSAS,2018,17,
IDAHO,2018,17,3
MINNESOTA,2018,17,
W.N. CENTRAL,2018,17,2
UTAH,2018,18,2
TENNESSEE,2018,18,
GUAM,2018,18,
GEORGIA,2018,18,3
PACIFIC,2018,18,3
C.N.M.I.,2018,18,
IOWA,2018,18,
VERMONT,2018,18,
SOUTH DAKOTA,2018,18,
PENNSYLVANIA,2018,18,5
WYOMING,2018,18,
HAWAII,2018,18,
WISCONSIN,2018,18,1
TEXAS,2018,18,
ILLINOIS,2018,18,
NEBRASKA,2018,18,3
NEW ENGLAND,2018,18,3
DIST. OF COL.,2018,18,
NORTH DAKOTA,2018,18,
MAINE,2018,18,1
COLORADO,2018,18,9
MID. ATLANTIC,2018,18,18
MARYLAND,2018,18,2
NORTH CAROLINA,2018,18,
VIRGINIA,2018,18,4
IDAHO,2018,18,2
OKLAHOMA,2018,18,
CONNECTICUT,2018,18,2
OHIO,2018,18,7
ALABAMA,2018,18,2
MASSACHUSETTS,2018,18,
RHODE ISLAND,2018,18,
WASHINGTON,2018,18,1
WEST VIRGINIA,2018,18,
ARIZONA,2018,18,1
UNITED STATES,2018,18,75
MOUNTAIN,2018,18,15
KANSAS,2018,18,
W.N. CENTRAL,2018,18,4
DELAWARE,2018,18,
NEW YORK,2018,18,13
ALASKA,2018,18,
E.N. CENTRAL,2018,18,9
INDIANA,2018,18,
NEW YORK CITY,2018,18,
AMER. SAMOA,2018,18,
E.S. CENTRAL,2018,18,2
NEW HAMPSHIRE,2018,18,
MISSOURI,2018,18,1
MICHIGAN,2018,18,1
NEVADA,2018,18,1
NEW MEXICO,2018,18,
PUERTO RICO,2018,18,
MISSISSIPPI,2018,18,
FLORIDA,2018,18,12
OREGON,2018,18,1
NEW JERSEY,2018,18,
MONTANA,2018,18,
SOUTH CAROLINA,2018,18,
CALIFORNIA,2018,18,1
ARKANSAS,2018,18,
W.S. CENTRAL,2018,18,
MINNESOTA,2018,18,
VIRGIN ISL.,2018,18,
KENTUCKY,2018,18,
S. ATLANTIC,2018,18,21
LOUISIANA,2018,18,
MASSACHUSETTS,2018,19,2
E.S. CENTRAL,2018,19,3
MISSOURI,2018,19,
W.N. CENTRAL,2018,19,
VIRGINIA,2018,19,3
MONTANA,2018,19,2
PENNSYLVANIA,2018,19,4
TENNESSEE,2018,19,
NEW MEXICO,2018,19,
KANSAS,2018,19,
C.N.M.I.,2018,19,
TEXAS,2018,19,
ARIZONA,2018,19,1
DELAWARE,2018,19,
SOUTH DAKOTA,2018,19,
PUERTO RICO,2018,19,
UTAH,2018,19,
NEBRASKA,2018,19,
NEW HAMPSHIRE,2018,19,1
MARYLAND,2018,19,
OHIO,2018,19,12
COLORADO,2018,19,10
NEVADA,2018,19,1
GEORGIA,2018,19,24
GUAM,2018,19,
NORTH DAKOTA,2018,19,
UNITED STATES,2018,19,114
HAWAII,2018,19,
E.N. CENTRAL,2018,19,20
NORTH CAROLINA,2018,19,
WASHINGTON,2018,19,4
NEW JERSEY,2018,19,1
WYOMING,2018,19,
ARKANSAS,2018,19,
FLORIDA,2018,19,
MISSISSIPPI,2018,19,
ILLINOIS,2018,19,
W.S. CENTRAL,2018,19,
MAINE,2018,19,1
WISCONSIN,2018,19,8
LOUISIANA,2018,19,
OKLAHOMA,2018,19,
NEW ENGLAND,2018,19,7
MID. ATLANTIC,2018,19,31
DIST. OF COL.,2018,19,
MINNESOTA,2018,19,
KENTUCKY,2018,19,
SOUTH CAROLINA,2018,19,4
RHODE ISLAND,2018,19,2
VIRGIN ISL.,2018,19,
CALIFORNIA,2018,19,1
INDIANA,2018,19,
ALASKA,2018,19,
WEST VIRGINIA,2018,19,
NEW YORK CITY,2018,19,16
PACIFIC,2018,19,5
S. ATLANTIC,2018,19,31
CONNECTICUT,2018,19,1
VERMONT,2018,19,
IOWA,2018,19,
ALABAMA,2018,19,3
NEW YORK,2018,19,10
IDAHO,2018,19,3
OREGON,2018,19,
MICHIGAN,2018,19,
AMER. SAMOA,2018,19,
E.N. CENTRAL,2018,20,20
WASHINGTON,2018,20,35
SOUTH DAKOTA,2018,20,
MID. ATLANTIC,2018,20,33
GEORGIA,2018,20,2
WISCONSIN,2018,20,10
W.N. CENTRAL,2018,20,4
ARIZONA,2018,20,1
TEXAS,2018,20,
ARKANSAS,2018,20,
OREGON,2018,20,3
MARYLAND,2018,20,2
C.N.M.I.,2018,20,
MINNESOTA,2018,21,
MICHIGAN,2018,20,2
HAWAII,2018,20,
COLORADO,2018,20,8
ALABAMA,2018,20,1
TENNESSEE,2018,20,
ILLINOIS,2018,20,
PACIFIC,2018,20,42
CONNECTICUT,2018,20,4
OHIO,2018,20,8
DIST. OF COL.,2018,20,
MONTANA,2018,20,1
GUAM,2018,20,
KENTUCKY,2018,20,
S. ATLANTIC,2018,20,8
VERMONT,2018,20,
NEBRASKA,2018,20,
OKLAHOMA,2018,20,
AMER. SAMOA,2018,20,
UNITED STATES,2018,20,124
IDAHO,2018,20,1
MOUNTAIN,2018,20,11
MINNESOTA,2018,20,
LOUISIANA,2018,20,
NEW YORK CITY,2018,20,20
MISSOURI,2018,20,1
MASSACHUSETTS,2018,20,
DELAWARE,2018,20,
WEST VIRGINIA,2018,20,
NORTH CAROLINA,2018,20,
PUERTO RICO,2018,20,
FLORIDA,2018,20,
SOUTH CAROLINA,2018,20,
UTAH,2018,20,
RHODE ISLAND,2018,20,
VIRGINIA,2018,20,4
NEW ENGLAND,2018,20,5
MISSISSIPPI,2018,20,
ALASKA,2018,20,
INDIANA,2018,20,
NEVADA,2018,20,
W.S. CENTRAL,2018,20,
VIRGIN ISL.,2018,20,
E.S. CENTRAL,2018,20,1
NEW MEXICO,2018,20,
KANSAS,2018,20,
WYOMING,2018,20,
NEW YORK,2018,20,11
MAINE,2018,20,1
NORTH DAKOTA,2018,20,
IOWA,2018,20,3
PENNSYLVANIA,2018,20,2
NEW JERSEY,2018,20,
CALIFORNIA,2018,20,4
NEW HAMPSHIRE,2018,20,
GEORGIA,2018,21,3
OREGON,2018,21,5
WISCONSIN,2018,21,2
VIRGINIA,2018,21,3
WASHINGTON,2018,21,19
MARYLAND,2018,21,2
NEW YORK CITY,2018,21,18
VIRGIN ISL.,2018,21,
VERMONT,2018,21,
NEW ENGLAND,2018,21,5
W.S. CENTRAL,2018,21,
NEVADA,2018,21,
CONNECTICUT,2018,21,1
NEW YORK,2018,21,10
OHIO,2018,21,2
DELAWARE,2018,21,
NORTH DAKOTA,2018,21,
KENTUCKY,2018,21,
MISSISSIPPI,2018,21,
TEXAS,2018,21,
ILLINOIS,2018,21,
FLORIDA,2018,21,
PENNSYLVANIA,2018,21,7
TENNESSEE,2018,21,
NORTH CAROLINA,2018,21,
GUAM,2018,21,
ARIZONA,2018,21,1
SOUTH DAKOTA,2018,21,
MONTANA,2018,21,1
MISSOURI,2018,21,2
ALASKA,2018,21,
MASSACHUSETTS,2018,21,
UNITED STATES,2018,21,103
ARKANSAS,2018,21,
NEW JERSEY,2018,21,
SOUTH CAROLINA,2018,21,
AMER. SAMOA,2018,21,
ALABAMA,2018,21,2
MICHIGAN,2018,21,2
RHODE ISLAND,2018,21,
MID. ATLANTIC,2018,21,35
W.N. CENTRAL,2018,21,4
NEW HAMPSHIRE,2018,21,1
WYOMING,2018,21,
LOUISIANA,2018,21,
MOUNTAIN,2018,21,10
S. ATLANTIC,2018,21,8
CALIFORNIA,2018,21,9
DIST. OF COL.,2018,21,
WEST VIRGINIA,2018,21,
MAINE,2018,21,3
IOWA,2018,21,
PUERTO RICO,2018,21,
C.N.M.I.,2018,21,
KANSAS,2018,21,
IDAHO,2018,21,
E.S. CENTRAL,2018,21,2
HAWAII,2018,21,
E.N. CENTRAL,2018,21,6
INDIANA,2018,21,
UTAH,2018,21,
PACIFIC,2018,21,33
NEW MEXICO,2018,21,
COLORADO,2018,21,8
OKLAHOMA,2018,21,
NEBRASKA,2018,21,2
CONNECTICUT,2018,22,
HAWAII,2018,22,
TEXAS,2018,22,
KENTUCKY,2018,22,
MISSOURI,2018,22,1
PACIFIC,2018,22,64
NEW ENGLAND,2018,22,1
CALIFORNIA,2018,22,3
SOUTH DAKOTA,2018,22,
ALABAMA,2018,22,
LOUISIANA,2018,22,
INDIANA,2018,22,
MID. ATLANTIC,2018,22,26
OREGON,2018,22,
WEST VIRGINIA,2018,22,1
UTAH,2018,22,4
COLORADO,2018,22,5
WYOMING,2018,22,
AMER. SAMOA,2018,22,
ILLINOIS,2018,22,
ARIZONA,2018,22,2
GUAM,2018,22,
NEW YORK CITY,2018,22,12
RHODE ISLAND,2018,22,
PENNSYLVANIA,2018,22,4
NORTH CAROLINA,2018,22,
C.N.M.I.,2018,22,
ARKANSAS,2018,22,
W.N. CENTRAL,2018,22,1
NEW YORK,2018,22,10
MONTANA,2018,22,
E.N. CENTRAL,2018,22,4
OHIO,2018,22,
NEVADA,2018,22,
FLORIDA,2018,22,
ALASKA,2018,22,2
VIRGIN ISL.,2018,22,
KANSAS,2018,22,
NEBRASKA,2018,22,
IOWA,2018,22,
DIST. OF COL.,2018,22,
GEORGIA,2018,22,7
MISSISSIPPI,2018,22,
NEW HAMPSHIRE,2018,22,1
MOUNTAIN,2018,22,11
PUERTO RICO,2018,22,
UNITED STATES,2018,22,123
W.S. CENTRAL,2018,22,
IDAHO,2018,22,
MARYLAND,2018,22,1
GUAM,2018,40,
SOUTH CAROLINA,2018,22,1
DELAWARE,2018,22,
MICHIGAN,2018,22,1
S. ATLANTIC,2018,22,16
MASSACHUSETTS,2018,22,
MAINE,2018,22,
WASHINGTON,2018,22,59
TENNESSEE,2018,22,
WISCONSIN,2018,22,3
VERMONT,2018,22,
NEW MEXICO,2018,22,
NORTH DAKOTA,2018,22,
E.S. CENTRAL,2018,22,
VIRGINIA,2018,22,6
NEW JERSEY,2018,22,
OKLAHOMA,2018,22,
MINNESOTA,2018,22,
C.N.M.I.,2018,23,
GEORGIA,2018,23,20
HAWAII,2018,23,
SOUTH CAROLINA,2018,23,2
MISSOURI,2018,23,1
LOUISIANA,2018,23,
IDAHO,2018,23,1
NEW HAMPSHIRE,2018,23,
ARIZONA,2018,23,1
SOUTH DAKOTA,2018,23,
OREGON,2018,23,2
ALASKA,2018,23,1
INDIANA,2018,23,
DIST. OF COL.,2018,23,
PENNSYLVANIA,2018,23,5
MID. ATLANTIC,2018,23,39
NEW ENGLAND,2018,23,11
NEBRASKA,2018,23,1
UNITED STATES,2018,23,110
MICHIGAN,2018,23,1
GUAM,2018,23,
ALABAMA,2018,23,1
ARKANSAS,2018,23,
MOUNTAIN,2018,23,16
MISSISSIPPI,2018,23,
CONNECTICUT,2018,23,1
NEW JERSEY,2018,23,
VERMONT,2018,23,
MINNESOTA,2018,23,
E.N. CENTRAL,2018,23,4
COLORADO,2018,23,12
FLORIDA,2018,23,
WEST VIRGINIA,2018,23,
VIRGINIA,2018,23,5
TENNESSEE,2018,23,
MAINE,2018,23,3
W.N. CENTRAL,2018,23,2
ILLINOIS,2018,23,
CALIFORNIA,2018,23,5
NEW YORK CITY,2018,23,15
OHIO,2018,23,
OKLAHOMA,2018,23,
AMER. SAMOA,2018,23,
WISCONSIN,2018,23,3
MARYLAND,2018,23,2
PUERTO RICO,2018,23,
MONTANA,2018,23,
NEVADA,2018,23,
IOWA,2018,23,
UTAH,2018,23,2
E.S. CENTRAL,2018,23,1
NEW YORK,2018,23,19
RHODE ISLAND,2018,23,2
WASHINGTON,2018,23,
S. ATLANTIC,2018,23,29
TEXAS,2018,23,
NEW MEXICO,2018,23,
WYOMING,2018,23,
PACIFIC,2018,23,8
NORTH CAROLINA,2018,23,
W.S. CENTRAL,2018,23,
KANSAS,2018,23,
KENTUCKY,2018,23,
NORTH DAKOTA,2018,23,
DELAWARE,2018,23,
MASSACHUSETTS,2018,23,5
VIRGIN ISL.,2018,23,
MOUNTAIN,2018,24,16
CONNECTICUT,2018,24,
MASSACHUSETTS,2018,24,4
HAWAII,2018,24,
ARKANSAS,2018,24,
S. ATLANTIC,2018,24,15
MID. ATLANTIC,2018,24,36
MARYLAND,2018,24,
C.N.M.I.,2018,24,
NEW YORK,2018,24,12
ARIZONA,2018,24,4
GUAM,2018,24,
TEXAS,2018,24,
WISCONSIN,2018,24,3
MISSISSIPPI,2018,24,
OHIO,2018,24,3
WYOMING,2018,24,
NEVADA,2018,24,
MINNESOTA,2018,24,
ILLINOIS,2018,24,
OKLAHOMA,2018,24,
INDIANA,2018,24,
IOWA,2018,24,1
NEW ENGLAND,2018,24,6
WEST VIRGINIA,2018,24,
GEORGIA,2018,24,8
PACIFIC,2018,24,31
OREGON,2018,24,6
SOUTH DAKOTA,2018,24,
PENNSYLVANIA,2018,24,3
VIRGINIA,2018,24,4
CALIFORNIA,2018,24,7
NEW HAMPSHIRE,2018,24,
WASHINGTON,2018,24,18
UTAH,2018,24,
SOUTH CAROLINA,2018,24,3
E.N. CENTRAL,2018,24,7
MICHIGAN,2018,24,1
NEBRASKA,2018,24,6
AMER. SAMOA,2018,24,
UNITED STATES,2018,24,122
IDAHO,2018,24,2
RHODE ISLAND,2018,24,
NORTH CAROLINA,2018,24,
LOUISIANA,2018,24,
PUERTO RICO,2018,24,
E.S. CENTRAL,2018,24,
MAINE,2018,24,2
NEW MEXICO,2018,24,
DIST. OF COL.,2018,24,
TENNESSEE,2018,24,
DELAWARE,2018,24,
W.N. CENTRAL,2018,24,11
W.S. CENTRAL,2018,24,
NORTH DAKOTA,2018,24,
NEW YORK CITY,2018,24,21
COLORADO,2018,24,10
KENTUCKY,2018,24,
FLORIDA,2018,24,
MISSOURI,2018,24,4
MONTANA,2018,24,
ALASKA,2018,24,
ALABAMA,2018,24,
KANSAS,2018,24,
NEW JERSEY,2018,24,
VERMONT,2018,24,
VIRGIN ISL.,2018,24,
FLORIDA,2018,25,
VIRGIN ISL.,2018,25,
INDIANA,2018,25,
MISSOURI,2018,25,1
ARKANSAS,2018,25,
NEW MEXICO,2018,25,
WASHINGTON,2018,25,7
NEW YORK CITY,2018,25,16
ILLINOIS,2018,25,
MONTANA,2018,25,1
E.N. CENTRAL,2018,25,7
OKLAHOMA,2018,25,
MOUNTAIN,2018,25,17
RHODE ISLAND,2018,25,
NORTH DAKOTA,2018,25,
NEW JERSEY,2018,25,
ALASKA,2018,25,1
SOUTH DAKOTA,2018,25,
S. ATLANTIC,2018,25,12
CONNECTICUT,2018,25,
MARYLAND,2018,25,1
WYOMING,2018,25,
CALIFORNIA,2018,25,8
TENNESSEE,2018,25,
MID. ATLANTIC,2018,25,40
TEXAS,2018,25,
NORTH CAROLINA,2018,25,
UTAH,2018,25,3
NEBRASKA,2018,25,1
UNITED STATES,2018,25,103
ALABAMA,2018,25,
OHIO,2018,25,5
KANSAS,2018,25,
WISCONSIN,2018,25,2
MASSACHUSETTS,2018,25,3
GUAM,2018,25,
MISSISSIPPI,2018,25,
NEW YORK,2018,25,19
VIRGINIA,2018,25,7
PENNSYLVANIA,2018,25,5
OREGON,2018,25,3
AMER. SAMOA,2018,25,
W.S. CENTRAL,2018,25,
VERMONT,2018,25,
MAINE,2018,25,3
SOUTH CAROLINA,2018,25,2
DIST. OF COL.,2018,25,
PUERTO RICO,2018,25,
W.N. CENTRAL,2018,25,2
IOWA,2018,25,
COLORADO,2018,25,9
LOUISIANA,2018,25,
NEVADA,2018,25,
DELAWARE,2018,25,
C.N.M.I.,2018,25,
ARIZONA,2018,25,3
MINNESOTA,2018,25,
MICHIGAN,2018,25,
KENTUCKY,2018,25,
IDAHO,2018,25,1
WEST VIRGINIA,2018,25,
HAWAII,2018,25,
NEW HAMPSHIRE,2018,25,
NEW ENGLAND,2018,25,6
E.S. CENTRAL,2018,25,
PACIFIC,2018,25,19
GEORGIA,2018,25,2
NEBRASKA,2018,26,2
NEW JERSEY,2018,26,
CALIFORNIA,2018,26,9
GEORGIA,2018,26,13
NORTH DAKOTA,2018,26,
WISCONSIN,2018,26,2
VIRGIN ISL.,2018,26,
MONTANA,2018,26,1
S. ATLANTIC,2018,26,22
TENNESSEE,2018,26,
VERMONT,2018,26,
ARIZONA,2018,26,1
GUAM,2018,26,
OHIO,2018,26,15
SOUTH CAROLINA,2018,26,3
COLORADO,2018,26,10
MISSISSIPPI,2018,26,
MARYLAND,2018,26,2
RHODE ISLAND,2018,26,1
E.N. CENTRAL,2018,26,17
UNITED STATES,2018,26,128
NEW ENGLAND,2018,26,9
W.N. CENTRAL,2018,26,5
AMER. SAMOA,2018,26,
PACIFIC,2018,26,16
WYOMING,2018,26,
W.S. CENTRAL,2018,26,1
ILLINOIS,2018,26,
E.S. CENTRAL,2018,26,1
KANSAS,2018,26,
ARKANSAS,2018,26,1
WASHINGTON,2018,26,
WEST VIRGINIA,2018,26,
MAINE,2018,26,2
HAWAII,2018,26,
TEXAS,2018,26,
PENNSYLVANIA,2018,26,13
PUERTO RICO,2018,26,
LOUISIANA,2018,26,
NEW MEXICO,2018,26,
MISSOURI,2018,26,3
SOUTH DAKOTA,2018,26,
MOUNTAIN,2018,26,15
NEVADA,2018,26,
UTAH,2018,26,1
DIST. OF COL.,2018,26,
NORTH CAROLINA,2018,26,
OREGON,2018,26,4
IDAHO,2018,26,2
FLORIDA,2018,26,
NEW HAMPSHIRE,2018,26,
KENTUCKY,2018,26,
NEW YORK CITY,2018,26,15
MID. ATLANTIC,2018,26,42
C.N.M.I.,2018,26,
VIRGINIA,2018,26,4
INDIANA,2018,26,
DELAWARE,2018,26,
ALASKA,2018,26,3
ALABAMA,2018,26,1
MINNESOTA,2018,26,
MASSACHUSETTS,2018,26,3
IOWA,2018,26,
MICHIGAN,2018,26,
CONNECTICUT,2018,26,3
OKLAHOMA,2018,26,
NEW YORK,2018,26,14
NEW YORK,2018,27,15
NEVADA,2018,27,
ARKANSAS,2018,27,2
NEW JERSEY,2018,27,
NEBRASKA,2018,27,2
ARIZONA,2018,27,1
IOWA,2018,27,
WEST VIRGINIA,2018,27,
VIRGINIA,2018,27,2
MONTANA,2018,27,
E.N. CENTRAL,2018,27,5
ALASKA,2018,27,
ALABAMA,2018,27,2
MARYLAND,2018,27,3
MISSISSIPPI,2018,27,
C.N.M.I.,2018,27,
CALIFORNIA,2018,27,6
NORTH DAKOTA,2018,27,
GUAM,2018,27,
KANSAS,2018,27,
CONNECTICUT,2018,27,2
NORTH CAROLINA,2018,27,
VIRGIN ISL.,2018,27,
MID. ATLANTIC,2018,27,36
NEW MEXICO,2018,27,
VERMONT,2018,27,
KENTUCKY,2018,27,
OHIO,2018,27,
TEXAS,2018,27,
UNITED STATES,2018,27,112
NEW YORK CITY,2018,27,14
HAWAII,2018,27,
PACIFIC,2018,27,9
LOUISIANA,2018,27,
WASHINGTON,2018,27,
OREGON,2018,27,3
OKLAHOMA,2018,27,
PUERTO RICO,2018,27,
RHODE ISLAND,2018,27,
MOUNTAIN,2018,27,19
DIST. OF COL.,2018,27,
DELAWARE,2018,27,
AMER. SAMOA,2018,27,
MICHIGAN,2018,27,
NEW HAMPSHIRE,2018,27,
W.S. CENTRAL,2018,27,2
MINNESOTA,2018,27,
UTAH,2018,27,1
COLORADO,2018,27,12
SOUTH CAROLINA,2018,27,3
TENNESSEE,2018,27,
ILLINOIS,2018,27,
W.N. CENTRAL,2018,27,4
MAINE,2018,27,2
WISCONSIN,2018,27,5
MISSOURI,2018,27,2
GEORGIA,2018,27,16
INDIANA,2018,27,
SOUTH DAKOTA,2018,27,
NEW ENGLAND,2018,27,11
IDAHO,2018,27,5
S. ATLANTIC,2018,27,24
MASSACHUSETTS,2018,27,7
PENNSYLVANIA,2018,27,7
E.S. CENTRAL,2018,27,2
WYOMING,2018,27,
FLORIDA,2018,27,
KENTUCKY,2018,28,
CONNECTICUT,2018,28,
HAWAII,2018,28,
NEW JERSEY,2018,28,
NORTH CAROLINA,2018,28,
OKLAHOMA,2018,28,
MOUNTAIN,2018,28,21
UNITED STATES,2018,28,127
MISSISSIPPI,2018,28,
WEST VIRGINIA,2018,28,
ALASKA,2018,28,1
KANSAS,2018,28,
DELAWARE,2018,28,
NEW YORK,2018,28,18
MONTANA,2018,28,
NEBRASKA,2018,28,
ARKANSAS,2018,28,
VIRGINIA,2018,28,
MID. ATLANTIC,2018,28,45
W.N. CENTRAL,2018,28,3
MINNESOTA,2018,28,
ARIZONA,2018,28,2
MICHIGAN,2018,28,
OHIO,2018,28,27
S. ATLANTIC,2018,28,5
NEW YORK CITY,2018,28,17
WYOMING,2018,28,
C.N.M.I.,2018,28,
TEXAS,2018,28,
PACIFIC,2018,28,14
CALIFORNIA,2018,28,11
GEORGIA,2018,28,1
NEVADA,2018,28,
NEW HAMPSHIRE,2018,28,
WASHINGTON,2018,28,
NEW MEXICO,2018,28,
INDIANA,2018,28,
MAINE,2018,28,3
IDAHO,2018,28,
FLORIDA,2018,28,
WISCONSIN,2018,28,5
ILLINOIS,2018,28,
MARYLAND,2018,28,
E.S. CENTRAL,2018,28,
VERMONT,2018,28,
PUERTO RICO,2018,28,
SOUTH CAROLINA,2018,28,4
PENNSYLVANIA,2018,28,10
RHODE ISLAND,2018,28,
UTAH,2018,28,
ALABAMA,2018,28,
OREGON,2018,28,2
MISSOURI,2018,28,3
COLORADO,2018,28,19
IOWA,2018,28,
SOUTH DAKOTA,2018,28,
VIRGIN ISL.,2018,28,
W.S. CENTRAL,2018,28,
E.N. CENTRAL,2018,28,32
TENNESSEE,2018,28,
DIST. OF COL.,2018,28,
AMER. SAMOA,2018,28,
MASSACHUSETTS,2018,28,4
LOUISIANA,2018,28,
NEW ENGLAND,2018,28,7
GUAM,2018,28,
NORTH DAKOTA,2018,28,
IOWA,2018,29,
GUAM,2018,29,
C.N.M.I.,2018,29,
TEXAS,2018,29,
W.S. CENTRAL,2018,29,
E.S. CENTRAL,2018,29,
VIRGIN ISL.,2018,29,
OKLAHOMA,2018,29,
SOUTH CAROLINA,2018,29,2
NORTH DAKOTA,2018,29,
NEW JERSEY,2018,29,
MOUNTAIN,2018,29,33
UTAH,2018,29,4
CONNECTICUT,2018,29,
PUERTO RICO,2018,29,
DELAWARE,2018,29,
ILLINOIS,2018,29,
NEW YORK,2018,29,17
VERMONT,2018,29,
KENTUCKY,2018,29,
UNITED STATES,2018,29,128
NEW MEXICO,2018,29,
S. ATLANTIC,2018,29,8
MASSACHUSETTS,2018,29,9
INDIANA,2018,29,
MONTANA,2018,29,3
MARYLAND,2018,29,2
E.N. CENTRAL,2018,29,15
TENNESSEE,2018,29,
NORTH CAROLINA,2018,29,
DIST. OF COL.,2018,29,
NEW YORK CITY,2018,29,14
W.N. CENTRAL,2018,29,4
MICHIGAN,2018,29,1
MAINE,2018,29,1
NEVADA,2018,29,
MISSISSIPPI,2018,29,
AMER. SAMOA,2018,29,
KANSAS,2018,29,
MID. ATLANTIC,2018,29,41
GEORGIA,2018,29,2
PENNSYLVANIA,2018,29,10
LOUISIANA,2018,29,
MISSOURI,2018,29,1
MINNESOTA,2018,29,
VIRGINIA,2018,29,2
IDAHO,2018,29,2
ARIZONA,2018,29,2
COLORADO,2018,29,22
ALABAMA,2018,29,
PACIFIC,2018,29,17
WASHINGTON,2018,29,
NEW HAMPSHIRE,2018,29,
SOUTH DAKOTA,2018,29,
RHODE ISLAND,2018,29,
ARKANSAS,2018,29,
ALASKA,2018,29,1
WYOMING,2018,29,
WISCONSIN,2018,29,4
CALIFORNIA,2018,29,14
NEBRASKA,2018,29,3
HAWAII,2018,29,
FLORIDA,2018,29,
NEW ENGLAND,2018,29,10
WEST VIRGINIA,2018,29,
OREGON,2018,29,2
OHIO,2018,29,10
MICHIGAN,2018,30,
SOUTH CAROLINA,2018,30,
W.S. CENTRAL,2018,30,5
VIRGIN ISL.,2018,30,
NORTH CAROLINA,2018,30,
TEXAS,2018,30,
UTAH,2018,30,1
UNITED STATES,2018,30,119
AMER. SAMOA,2018,30,
NEVADA,2018,30,1
E.N. CENTRAL,2018,30,7
IDAHO,2018,30,1
GUAM,2018,30,
KENTUCKY,2018,30,
MARYLAND,2018,30,
MINNESOTA,2018,30,
COLORADO,2018,30,20
E.S. CENTRAL,2018,30,2
GEORGIA,2018,30,
NEW YORK CITY,2018,30,20
FLORIDA,2018,30,
PACIFIC,2018,30,5
CALIFORNIA,2018,30,4
S. ATLANTIC,2018,30,4
WASHINGTON,2018,30,
SOUTH DAKOTA,2018,30,
DELAWARE,2018,30,
INDIANA,2018,30,
ALABAMA,2018,30,2
OREGON,2018,30,1
CONNECTICUT,2018,30,
TENNESSEE,2018,30,
NORTH DAKOTA,2018,30,
OHIO,2018,30,
MOUNTAIN,2018,30,26
NEW JERSEY,2018,30,
WEST VIRGINIA,2018,30,
MISSOURI,2018,30,4
ARKANSAS,2018,30,5
PENNSYLVANIA,2018,30,13
MAINE,2018,30,2
VERMONT,2018,30,
NEW ENGLAND,2018,30,8
KANSAS,2018,30,
C.N.M.I.,2018,30,
HAWAII,2018,30,
W.N. CENTRAL,2018,30,5
NEW HAMPSHIRE,2018,30,
ALASKA,2018,30,
NEBRASKA,2018,30,1
DIST. OF COL.,2018,30,
WYOMING,2018,30,
NEW MEXICO,2018,30,
LOUISIANA,2018,30,
WISCONSIN,2018,30,7
PUERTO RICO,2018,30,
RHODE ISLAND,2018,30,
IOWA,2018,30,
ILLINOIS,2018,30,
NEW YORK,2018,30,24
MASSACHUSETTS,2018,30,6
VIRGINIA,2018,30,4
MISSISSIPPI,2018,30,
ARIZONA,2018,30,3
OKLAHOMA,2018,30,
MONTANA,2018,30,
MID. ATLANTIC,2018,30,57
ALASKA,2018,31,2
WEST VIRGINIA,2018,31,
NEW MEXICO,2018,31,
C.N.M.I.,2018,31,
MOUNTAIN,2018,31,19
NEW YORK CITY,2018,31,20
S. ATLANTIC,2018,31,17
NEW ENGLAND,2018,31,14
MINNESOTA,2018,31,
HAWAII,2018,31,
MASSACHUSETTS,2018,31,11
UNITED STATES,2018,31,143
MISSOURI,2018,31,2
COLORADO,2018,31,12
MID. ATLANTIC,2018,31,51
OHIO,2018,31,5
VIRGINIA,2018,31,1
CONNECTICUT,2018,31,1
ARIZONA,2018,31,2
INDIANA,2018,31,
OKLAHOMA,2018,31,
FLORIDA,2018,31,
E.N. CENTRAL,2018,31,12
IDAHO,2018,31,1
ALABAMA,2018,31,4
UTAH,2018,31,4
NEW HAMPSHIRE,2018,31,1
TENNESSEE,2018,31,
W.S. CENTRAL,2018,31,4
ILLINOIS,2018,31,
GUAM,2018,31,
SOUTH DAKOTA,2018,31,
NEBRASKA,2018,31,4
MARYLAND,2018,31,5
MAINE,2018,31,1
WASHINGTON,2018,31,
PENNSYLVANIA,2018,31,7
MISSISSIPPI,2018,31,
NEW JERSEY,2018,31,
VERMONT,2018,31,
E.S. CENTRAL,2018,31,4
W.N. CENTRAL,2018,31,7
GEORGIA,2018,31,11
NEVADA,2018,31,
TEXAS,2018,31,
KANSAS,2018,31,
PUERTO RICO,2018,31,
DELAWARE,2018,31,
VIRGIN ISL.,2018,31,
MONTANA,2018,31,
WYOMING,2018,31,
CALIFORNIA,2018,31,10
KENTUCKY,2018,31,
AMER. SAMOA,2018,31,
NORTH CAROLINA,2018,31,
ARKANSAS,2018,31,4
MICHIGAN,2018,31,1
IOWA,2018,31,1
NEW YORK,2018,31,24
PACIFIC,2018,31,15
WISCONSIN,2018,31,6
RHODE ISLAND,2018,31,
DIST. OF COL.,2018,31,
SOUTH CAROLINA,2018,31,
OREGON,2018,31,3
NORTH DAKOTA,2018,31,
LOUISIANA,2018,31,
S. ATLANTIC,2018,32,12
W.S. CENTRAL,2018,32,4
NORTH DAKOTA,2018,32,
COLORADO,2018,32,22
SOUTH CAROLINA,2018,32,
NEVADA,2018,32,1
UNITED STATES,2018,32,157
DELAWARE,2018,32,
UTAH,2018,32,
SOUTH DAKOTA,2018,32,
CONNECTICUT,2018,32,2
NEW YORK CITY,2018,32,19
IOWA,2018,32,
NEW MEXICO,2018,32,1
NEBRASKA,2018,32,
OKLAHOMA,2018,32,
TENNESSEE,2018,32,
NEW JERSEY,2018,32,
MOUNTAIN,2018,32,29
TEXAS,2018,32,
KENTUCKY,2018,32,
OREGON,2018,32,3
NEW YORK,2018,32,26
W.N. CENTRAL,2018,32,
ALASKA,2018,32,2
VERMONT,2018,32,
CALIFORNIA,2018,32,7
GEORGIA,2018,32,6
MASSACHUSETTS,2018,32,6
MID. ATLANTIC,2018,32,54
NEW ENGLAND,2018,32,10
ARIZONA,2018,32,3
GUAM,2018,32,
NORTH CAROLINA,2018,32,
MAINE,2018,32,1
VIRGIN ISL.,2018,32,
VIRGINIA,2018,32,2
AMER. SAMOA,2018,32,
ALABAMA,2018,32,1
NEW HAMPSHIRE,2018,32,
IDAHO,2018,32,2
RHODE ISLAND,2018,32,1
HAWAII,2018,32,
MISSISSIPPI,2018,32,
MONTANA,2018,32,
OHIO,2018,32,23
E.S. CENTRAL,2018,32,1
KANSAS,2018,32,
INDIANA,2018,32,
MARYLAND,2018,32,4
LOUISIANA,2018,32,
MICHIGAN,2018,32,
WASHINGTON,2018,32,
ARKANSAS,2018,32,4
MISSOURI,2018,32,
FLORIDA,2018,32,
WYOMING,2018,32,
PUERTO RICO,2018,32,
C.N.M.I.,2018,32,
WISCONSIN,2018,32,12
ILLINOIS,2018,32,
WEST VIRGINIA,2018,32,
E.N. CENTRAL,2018,32,35
PACIFIC,2018,32,12
MINNESOTA,2018,32,
DIST. OF COL.,2018,32,
PENNSYLVANIA,2018,32,9
KENTUCKY,2018,33,
E.N. CENTRAL,2018,33,23
ALABAMA,2018,33,1
E.S. CENTRAL,2018,33,1
OREGON,2018,33,2
S. ATLANTIC,2018,33,5
VERMONT,2018,33,
IOWA,2018,33,
ILLINOIS,2018,33,
PACIFIC,2018,33,13
GUAM,2018,33,
MID. ATLANTIC,2018,33,53
ARKANSAS,2018,33,1
VIRGIN ISL.,2018,33,
NORTH CAROLINA,2018,33,
NEW YORK CITY,2018,33,18
ARIZONA,2018,33,
VIRGINIA,2018,33,2
PENNSYLVANIA,2018,33,13
WEST VIRGINIA,2018,33,
NEW HAMPSHIRE,2018,33,2
MASSACHUSETTS,2018,33,8
C.N.M.I.,2018,33,
MONTANA,2018,33,2
SOUTH DAKOTA,2018,33,
NEW ENGLAND,2018,33,15
SOUTH CAROLINA,2018,33,1
W.N. CENTRAL,2018,33,8
TEXAS,2018,33,
NORTH DAKOTA,2018,33,
MINNESOTA,2018,33,
GEORGIA,2018,33,
UTAH,2018,33,
INDIANA,2018,33,
MICHIGAN,2018,33,2
PUERTO RICO,2018,33,
NEW YORK,2018,33,22
MAINE,2018,33,4
WYOMING,2018,33,
IDAHO,2018,33,3
OHIO,2018,33,13
DELAWARE,2018,33,
WISCONSIN,2018,33,8
MISSISSIPPI,2018,33,
NEVADA,2018,33,
CONNECTICUT,2018,33,1
TENNESSEE,2018,33,
OKLAHOMA,2018,33,
MOUNTAIN,2018,33,16
UNITED STATES,2018,33,135
MARYLAND,2018,33,2
CALIFORNIA,2018,33,9
KANSAS,2018,33,
NEW MEXICO,2018,33,2
WASHINGTON,2018,33,1
NEBRASKA,2018,33,6
DIST. OF COL.,2018,33,
FLORIDA,2018,33,
LOUISIANA,2018,33,
COLORADO,2018,33,9
W.S. CENTRAL,2018,33,1
NEW JERSEY,2018,33,
ALASKA,2018,33,1
RHODE ISLAND,2018,33,
MISSOURI,2018,33,2
HAWAII,2018,33,
AMER. SAMOA,2018,33,
MISSISSIPPI,2018,34,
ALASKA,2018,34,2
WYOMING,2018,34,
W.N. CENTRAL,2018,34,8
NORTH DAKOTA,2018,34,
MONTANA,2018,34,
NEW MEXICO,2018,34,
S. ATLANTIC,2018,34,11
WISCONSIN,2018,34,11
WASHINGTON,2018,34,
UNITED STATES,2018,34,169
MICHIGAN,2018,34,
ARKANSAS,2018,34,1
HAWAII,2018,34,
ALABAMA,2018,34,1
GUAM,2018,34,
TEXAS,2018,34,
CALIFORNIA,2018,34,16
DELAWARE,2018,34,
PACIFIC,2018,34,20
PUERTO RICO,2018,34,
AMER. SAMOA,2018,34,
OREGON,2018,34,2
MID. ATLANTIC,2018,34,64
SOUTH CAROLINA,2018,34,4
E.N. CENTRAL,2018,34,27
NORTH CAROLINA,2018,34,
IDAHO,2018,34,2
MARYLAND,2018,34,2
OKLAHOMA,2018,34,
WEST VIRGINIA,2018,34,
DIST. OF COL.,2018,34,
MISSOURI,2018,34,3
ILLINOIS,2018,34,
MOUNTAIN,2018,34,21
KANSAS,2018,34,
TENNESSEE,2018,34,
ARIZONA,2018,34,2
SOUTH DAKOTA,2018,34,
MAINE,2018,34,4
CONNECTICUT,2018,34,1
PENNSYLVANIA,2018,34,9
NEW YORK CITY,2018,34,22
LOUISIANA,2018,34,
NEW HAMPSHIRE,2018,34,
COLORADO,2018,34,14
NEW YORK,2018,34,33
W.S. CENTRAL,2018,34,1
NEVADA,2018,34,
RHODE ISLAND,2018,34,1
E.S. CENTRAL,2018,34,1
UTAH,2018,34,3
GEORGIA,2018,34,
C.N.M.I.,2018,34,
OHIO,2018,34,16
NEW ENGLAND,2018,34,16
NEW JERSEY,2018,34,
MINNESOTA,2018,34,
KENTUCKY,2018,34,
INDIANA,2018,34,
MASSACHUSETTS,2018,34,10
VIRGINIA,2018,34,5
VIRGIN ISL.,2018,34,
FLORIDA,2018,34,
IOWA,2018,34,
NEBRASKA,2018,34,5
VERMONT,2018,34,
MICHIGAN,2018,35,
DELAWARE,2018,35,
NEVADA,2018,35,
IOWA,2018,35,
WASHINGTON,2018,35,
COLORADO,2018,35,16
SOUTH CAROLINA,2018,35,
MONTANA,2018,35,
GUAM,2018,35,
DIST. OF COL.,2018,35,
CONNECTICUT,2018,35,1
ARIZONA,2018,35,3
OHIO,2018,35,12
ALASKA,2018,35,2
C.N.M.I.,2018,35,
VERMONT,2018,35,
VIRGINIA,2018,35,11
MASSACHUSETTS,2018,35,
MISSISSIPPI,2018,35,
IDAHO,2018,35,2
LOUISIANA,2018,35,
TEXAS,2018,35,
KANSAS,2018,35,
MINNESOTA,2018,35,
PENNSYLVANIA,2018,35,15
W.N. CENTRAL,2018,35,12
MISSOURI,2018,35,7
S. ATLANTIC,2018,35,16
NEW YORK CITY,2018,35,11
OKLAHOMA,2018,35,
CALIFORNIA,2018,35,4
NEW HAMPSHIRE,2018,35,
ILLINOIS,2018,35,
E.S. CENTRAL,2018,35,6
WYOMING,2018,35,
MAINE,2018,35,2
FLORIDA,2018,35,
AMER. SAMOA,2018,35,
NORTH CAROLINA,2018,35,
E.N. CENTRAL,2018,35,17
UTAH,2018,35,
NEW YORK,2018,35,23
NORTH DAKOTA,2018,35,
VIRGIN ISL.,2018,35,
PUERTO RICO,2018,35,
ALABAMA,2018,35,6
GEORGIA,2018,35,
MOUNTAIN,2018,35,21
KENTUCKY,2018,35,
MARYLAND,2018,35,5
OREGON,2018,35,2
WISCONSIN,2018,35,5
SOUTH DAKOTA,2018,35,
MID. ATLANTIC,2018,35,49
HAWAII,2018,35,
W.S. CENTRAL,2018,35,2
NEW MEXICO,2018,35,
NEBRASKA,2018,35,5
WEST VIRGINIA,2018,35,
NEW ENGLAND,2018,35,3
TENNESSEE,2018,35,
ARKANSAS,2018,35,2
PACIFIC,2018,35,8
NEW JERSEY,2018,35,
RHODE ISLAND,2018,35,
NEW ENGLAND,2018,40,8
INDIANA,2018,35,
UNITED STATES,2018,35,134
VERMONT,2018,36,
NEW ENGLAND,2018,36,18
HAWAII,2018,36,
CONNECTICUT,2018,36,1
CALIFORNIA,2018,36,10
PENNSYLVANIA,2018,36,13
NEW JERSEY,2018,36,
WYOMING,2018,36,
SOUTH DAKOTA,2018,36,
MISSOURI,2018,36,
COLORADO,2018,36,
OHIO,2018,36,6
LOUISIANA,2018,36,
OKLAHOMA,2018,36,
GUAM,2018,36,
GEORGIA,2018,36,
NEW HAMPSHIRE,2018,36,1
NEW YORK,2018,36,26
ARIZONA,2018,36,1
C.N.M.I.,2018,36,
E.S. CENTRAL,2018,36,
MONTANA,2018,36,
UNITED STATES,2018,36,130
KENTUCKY,2018,36,
ARKANSAS,2018,36,
NORTH CAROLINA,2018,36,
TEXAS,2018,36,
VIRGINIA,2018,36,2
WISCONSIN,2018,36,9
UTAH,2018,36,2
SOUTH CAROLINA,2018,36,1
VIRGIN ISL.,2018,36,
E.N. CENTRAL,2018,36,15
MINNESOTA,2018,36,
KANSAS,2018,36,
W.S. CENTRAL,2018,36,
NEW YORK CITY,2018,36,16
W.N. CENTRAL,2018,36,
ILLINOIS,2018,36,
PACIFIC,2018,36,12
RHODE ISLAND,2018,36,
MISSISSIPPI,2018,36,
TENNESSEE,2018,36,
IOWA,2018,36,
DELAWARE,2018,36,
WASHINGTON,2018,36,
NEVADA,2018,36,
MICHIGAN,2018,36,
ALASKA,2018,36,
AMER. SAMOA,2018,36,
OREGON,2018,36,2
MASSACHUSETTS,2018,36,9
MID. ATLANTIC,2018,36,55
NORTH DAKOTA,2018,36,
NEW MEXICO,2018,36,
ALABAMA,2018,36,
MAINE,2018,36,7
INDIANA,2018,36,
NEBRASKA,2018,36,
MOUNTAIN,2018,36,9
FLORIDA,2018,36,18
PUERTO RICO,2018,36,
WEST VIRGINIA,2018,36,
IDAHO,2018,36,6
DIST. OF COL.,2018,36,
MARYLAND,2018,36,
S. ATLANTIC,2018,36,21
S. ATLANTIC,2018,37,5
IOWA,2018,37,
MONTANA,2018,37,
MINNESOTA,2018,37,
MID. ATLANTIC,2018,37,70
MOUNTAIN,2018,37,21
TENNESSEE,2018,37,
SOUTH CAROLINA,2018,37,1
INDIANA,2018,37,
MASSACHUSETTS,2018,37,4
UNITED STATES,2018,37,171
MISSOURI,2018,37,4
RHODE ISLAND,2018,37,
NEW MEXICO,2018,37,
CALIFORNIA,2018,37,10
UTAH,2018,37,4
E.S. CENTRAL,2018,37,
OKLAHOMA,2018,37,
ALABAMA,2018,37,
ILLINOIS,2018,37,
WISCONSIN,2018,37,5
CONNECTICUT,2018,37,4
DELAWARE,2018,37,
NEW YORK CITY,2018,37,27
MICHIGAN,2018,37,
OHIO,2018,37,23
GEORGIA,2018,37,
C.N.M.I.,2018,37,
AMER. SAMOA,2018,37,
DIST. OF COL.,2018,37,
NEW YORK,2018,37,32
W.N. CENTRAL,2018,37,4
NORTH DAKOTA,2018,37,
TEXAS,2018,37,
ALASKA,2018,37,2
MAINE,2018,37,8
GUAM,2018,37,
ARIZONA,2018,37,2
WEST VIRGINIA,2018,37,
MARYLAND,2018,37,1
NEVADA,2018,37,
ARKANSAS,2018,37,12
IDAHO,2018,37,3
NEW JERSEY,2018,37,
PUERTO RICO,2018,37,
PACIFIC,2018,37,15
NEW HAMPSHIRE,2018,37,
W.S. CENTRAL,2018,37,12
VIRGINIA,2018,37,3
WYOMING,2018,37,
VIRGIN ISL.,2018,37,
E.N. CENTRAL,2018,37,28
OREGON,2018,37,1
WASHINGTON,2018,37,
VERMONT,2018,37,
NEBRASKA,2018,37,
KANSAS,2018,37,
LOUISIANA,2018,37,
NORTH CAROLINA,2018,37,
COLORADO,2018,37,12
FLORIDA,2018,37,
SOUTH DAKOTA,2018,37,
KENTUCKY,2018,37,
NEW ENGLAND,2018,37,16
MISSISSIPPI,2018,37,
HAWAII,2018,37,2
PENNSYLVANIA,2018,37,11
OHIO,2018,38,
DIST. OF COL.,2018,38,
IOWA,2018,38,
WASHINGTON,2018,38,
ILLINOIS,2018,38,
MARYLAND,2018,38,2
MISSISSIPPI,2018,38,
VERMONT,2018,38,
LOUISIANA,2018,38,5
NORTH DAKOTA,2018,38,
ARKANSAS,2018,38,6
DELAWARE,2018,38,
C.N.M.I.,2018,38,
MID. ATLANTIC,2018,38,71
W.N. CENTRAL,2018,38,2
CALIFORNIA,2018,38,12
NEW JERSEY,2018,38,
TEXAS,2018,38,
NEW MEXICO,2018,38,1
MISSOURI,2018,38,1
E.N. CENTRAL,2018,38,8
UNITED STATES,2018,38,153
OKLAHOMA,2018,38,
TENNESSEE,2018,38,
NEW ENGLAND,2018,38,13
PUERTO RICO,2018,38,
PACIFIC,2018,38,16
KENTUCKY,2018,38,
SOUTH CAROLINA,2018,38,1
VIRGINIA,2018,38,4
MOUNTAIN,2018,38,24
NEBRASKA,2018,38,1
NORTH CAROLINA,2018,38,
MAINE,2018,38,4
KANSAS,2018,38,
MICHIGAN,2018,38,
IDAHO,2018,38,2
OREGON,2018,38,4
VIRGIN ISL.,2018,38,
HAWAII,2018,38,
RHODE ISLAND,2018,38,1
WYOMING,2018,38,
GEORGIA,2018,38,
COLORADO,2018,38,14
W.S. CENTRAL,2018,38,11
MASSACHUSETTS,2018,38,6
WISCONSIN,2018,38,8
ARIZONA,2018,38,2
WEST VIRGINIA,2018,38,
FLORIDA,2018,38,
MINNESOTA,2018,38,
ALASKA,2018,38,
S. ATLANTIC,2018,38,7
ALABAMA,2018,38,1
GUAM,2018,38,
E.S. CENTRAL,2018,38,1
UTAH,2018,38,5
NEVADA,2018,38,
PENNSYLVANIA,2018,38,20
CONNECTICUT,2018,38,2
MONTANA,2018,38,
NEW HAMPSHIRE,2018,38,
NEW YORK,2018,38,27
NEW YORK CITY,2018,38,24
SOUTH DAKOTA,2018,38,
INDIANA,2018,38,
AMER. SAMOA,2018,38,
PENNSYLVANIA,2018,39,9
OREGON,2018,39,3
HAWAII,2018,39,
VIRGINIA,2018,39,5
OHIO,2018,39,10
IDAHO,2018,39,3
VIRGIN ISL.,2018,39,
FLORIDA,2018,39,
VERMONT,2018,39,
PACIFIC,2018,39,11
W.N. CENTRAL,2018,39,4
ARKANSAS,2018,39,2
RHODE ISLAND,2018,39,
C.N.M.I.,2018,39,
MID. ATLANTIC,2018,39,59
NORTH DAKOTA,2018,39,
MINNESOTA,2018,39,
TEXAS,2018,39,
NORTH CAROLINA,2018,39,
IOWA,2018,39,
DELAWARE,2018,39,
INDIANA,2018,39,
W.S. CENTRAL,2018,39,6
COLORADO,2018,39,14
UNITED STATES,2018,39,143
NEW HAMPSHIRE,2018,39,1
NEBRASKA,2018,39,
DIST. OF COL.,2018,39,
UTAH,2018,39,7
NEW ENGLAND,2018,39,14
PUERTO RICO,2018,39,
WYOMING,2018,39,
ALABAMA,2018,39,
E.S. CENTRAL,2018,39,
MASSACHUSETTS,2018,39,7
MICHIGAN,2018,39,
WEST VIRGINIA,2018,39,
MARYLAND,2018,39,1
NEW YORK,2018,39,30
MISSOURI,2018,39,4
GEORGIA,2018,39,
TENNESSEE,2018,39,
AMER. SAMOA,2018,39,
WISCONSIN,2018,39,7
MAINE,2018,39,5
KENTUCKY,2018,39,
ARIZONA,2018,39,2
MOUNTAIN,2018,39,26
OKLAHOMA,2018,39,
E.N. CENTRAL,2018,39,17
HAWAII,2018,40,
NEW MEXICO,2018,39,
MISSISSIPPI,2018,39,
ILLINOIS,2018,39,
ALASKA,2018,39,
WASHINGTON,2018,39,
GUAM,2018,39,
CONNECTICUT,2018,39,1
SOUTH DAKOTA,2018,39,
NEVADA,2018,39,
KANSAS,2018,39,
NEW JERSEY,2018,39,
LOUISIANA,2018,39,4
NEW YORK CITY,2018,39,20
S. ATLANTIC,2018,39,6
SOUTH CAROLINA,2018,39,
CALIFORNIA,2018,39,8
MONTANA,2018,39,
IOWA,2018,40,
RHODE ISLAND,2018,40,
ALASKA,2018,40,4
ARIZONA,2018,40,
FLORIDA,2018,40,
LOUISIANA,2018,40,
MOUNTAIN,2018,40,16
PUERTO RICO,2018,40,
PACIFIC,2018,40,14
IDAHO,2018,40,1
ALABAMA,2018,40,
NEVADA,2018,40,
MAINE,2018,40,3
W.S. CENTRAL,2018,40,6
S. ATLANTIC,2018,40,3
TEXAS,2018,40,
GEORGIA,2018,40,
WASHINGTON,2018,40,
TENNESSEE,2018,40,
E.S. CENTRAL,2018,40,
SOUTH DAKOTA,2018,40,
WYOMING,2018,40,
VERMONT,2018,40,
AMER. SAMOA,2018,40,
NEW HAMPSHIRE,2018,40,
CONNECTICUT,2018,40,
OKLAHOMA,2018,40,
ARKANSAS,2018,40,6
MASSACHUSETTS,2018,40,5
MONTANA,2018,40,
OHIO,2018,40,9
NORTH CAROLINA,2018,40,
E.N. CENTRAL,2018,40,16
NEW MEXICO,2018,40,
WISCONSIN,2018,40,7
NORTH DAKOTA,2018,40,
MISSOURI,2018,40,3
MARYLAND,2018,40,2
COLORADO,2018,40,13
CALIFORNIA,2018,40,8
UTAH,2018,40,2
MINNESOTA,2018,40,
ILLINOIS,2018,40,
INDIANA,2018,40,
MISSISSIPPI,2018,40,
W.N. CENTRAL,2018,40,3
MICHIGAN,2018,40,
KENTUCKY,2018,40,
C.N.M.I.,2018,40,
WEST VIRGINIA,2018,40,
OREGON,2018,40,2
UNITED STATES,2018,40,124
NEW YORK CITY,2018,40,27
VIRGIN ISL.,2018,40,
PENNSYLVANIA,2018,40,17
VIRGINIA,2018,40,1
KANSAS,2018,40,
NEBRASKA,2018,40,
SOUTH CAROLINA,2018,40,
MID. ATLANTIC,2018,40,58
NEW YORK,2018,40,14
NEW JERSEY,2018,40,
DIST. OF COL.,2018,40,
DELAWARE,2018,40,
IDAHO,2018,41,3
E.N. CENTRAL,2018,41,26
NEVADA,2018,41,
KANSAS,2018,41,
KENTUCKY,2018,41,
MISSISSIPPI,2018,41,
NEBRASKA,2018,41,
W.N. CENTRAL,2018,41,3
NEW YORK,2018,41,31
UNITED STATES,2018,41,126
FLORIDA,2018,41,
COLORADO,2018,41,1
INDIANA,2018,41,
MONTANA,2018,41,
NORTH CAROLINA,2018,41,
OREGON,2018,41,1
MAINE,2018,41,
NEW ENGLAND,2018,41,9
E.S. CENTRAL,2018,41,2
ARIZONA,2018,41,3
TEXAS,2018,41,
VIRGIN ISL.,2018,41,
OKLAHOMA,2018,41,
CONNECTICUT,2018,41,4
MASSACHUSETTS,2018,41,5
GUAM,2018,41,
RHODE ISLAND,2018,41,
PACIFIC,2018,41,11
WEST VIRGINIA,2018,41,
ARKANSAS,2018,41,1
S. ATLANTIC,2018,41,8
WASHINGTON,2018,41,
MARYLAND,2018,41,1
WYOMING,2018,41,
DELAWARE,2018,41,
NORTH DAKOTA,2018,41,
PUERTO RICO,2018,41,
MICHIGAN,2018,41,
W.S. CENTRAL,2018,41,1
ILLINOIS,2018,41,
LOUISIANA,2018,41,
IOWA,2018,41,1
UTAH,2018,41,2
ALASKA,2018,41,1
MOUNTAIN,2018,41,9
CALIFORNIA,2018,41,9
SOUTH CAROLINA,2018,41,
PENNSYLVANIA,2018,41,7
AMER. SAMOA,2018,41,
SOUTH DAKOTA,2018,41,
VERMONT,2018,41,
OHIO,2018,41,20
HAWAII,2018,41,
MINNESOTA,2018,41,
WISCONSIN,2018,41,6
C.N.M.I.,2018,41,
NEW JERSEY,2018,41,
MISSOURI,2018,41,2
NEW HAMPSHIRE,2018,41,
VIRGINIA,2018,41,7
NEW MEXICO,2018,41,
MID. ATLANTIC,2018,41,57
ALABAMA,2018,41,2
GEORGIA,2018,41,
DIST. OF COL.,2018,41,
TENNESSEE,2018,41,
NEW YORK CITY,2018,41,19
PUERTO RICO,2018,42,
E.S. CENTRAL,2018,42,1
MOUNTAIN,2018,42,12
CALIFORNIA,2018,42,17
ALASKA,2018,42,
TENNESSEE,2018,42,
TEXAS,2018,42,
HAWAII,2018,42,
IDAHO,2018,42,2
VIRGIN ISL.,2018,42,
SOUTH DAKOTA,2018,42,
MISSOURI,2018,42,4
OHIO,2018,42,4
GEORGIA,2018,42,
VIRGINIA,2018,42,
W.N. CENTRAL,2018,42,4
SOUTH CAROLINA,2018,42,1
ARKANSAS,2018,42,2
OKLAHOMA,2018,42,
E.N. CENTRAL,2018,42,12
MINNESOTA,2018,42,
WASHINGTON,2018,42,
NORTH DAKOTA,2018,42,
WISCONSIN,2018,42,7
UNITED STATES,2018,42,107
MICHIGAN,2018,42,1
VERMONT,2018,42,
NEW YORK CITY,2018,42,17
CONNECTICUT,2018,42,2
MAINE,2018,42,2
C.N.M.I.,2018,42,
MISSISSIPPI,2018,42,
WYOMING,2018,42,
NEW MEXICO,2018,42,
AMER. SAMOA,2018,42,
OREGON,2018,42,3
MARYLAND,2018,42,
GUAM,2018,42,
NEW HAMPSHIRE,2018,42,1
DELAWARE,2018,42,
NEW YORK,2018,42,20
DIST. OF COL.,2018,42,
S. ATLANTIC,2018,42,1
NEBRASKA,2018,42,
NEVADA,2018,42,
ILLINOIS,2018,42,
NEW JERSEY,2018,42,
MONTANA,2018,42,
MID. ATLANTIC,2018,42,46
INDIANA,2018,42,
ARIZONA,2018,42,
PENNSYLVANIA,2018,42,9
WEST VIRGINIA,2018,42,
RHODE ISLAND,2018,42,
ALABAMA,2018,42,1
KANSAS,2018,42,
UTAH,2018,42,2
COLORADO,2018,42,8
W.S. CENTRAL,2018,42,2
NORTH CAROLINA,2018,42,
MASSACHUSETTS,2018,42,4
FLORIDA,2018,42,
IOWA,2018,42,
PACIFIC,2018,42,20
NEW ENGLAND,2018,42,9
LOUISIANA,2018,42,
KENTUCKY,2018,42,
NEW HAMPSHIRE,2018,43,1
W.N. CENTRAL,2018,43,2
CONNECTICUT,2018,43,2
NEW YORK CITY,2018,43,20
HAWAII,2018,43,
UTAH,2018,43,2
W.S. CENTRAL,2018,43,3
MARYLAND,2018,43,3
KANSAS,2018,43,
RHODE ISLAND,2018,43,
NORTH CAROLINA,2018,43,
MISSOURI,2018,43,1
TEXAS,2018,43,
NEBRASKA,2018,43,
S. ATLANTIC,2018,43,6
UNITED STATES,2018,43,118
TENNESSEE,2018,43,
NEVADA,2018,43,2
NORTH DAKOTA,2018,43,
C.N.M.I.,2018,43,
MAINE,2018,43,2
VIRGIN ISL.,2018,43,
PACIFIC,2018,43,14
MICHIGAN,2018,43,2
MID. ATLANTIC,2018,43,50
NEW JERSEY,2018,43,
DELAWARE,2018,43,
GEORGIA,2018,43,2
KENTUCKY,2018,43,
CALIFORNIA,2018,43,11
WISCONSIN,2018,43,4
PENNSYLVANIA,2018,43,11
E.S. CENTRAL,2018,43,6
PUERTO RICO,2018,43,
WASHINGTON,2018,43,
MISSISSIPPI,2018,43,
SOUTH CAROLINA,2018,43,1
WEST VIRGINIA,2018,43,
NEW MEXICO,2018,43,
E.N. CENTRAL,2018,43,16
ILLINOIS,2018,43,
AMER. SAMOA,2018,43,
SOUTH DAKOTA,2018,43,1
IDAHO,2018,43,2
OKLAHOMA,2018,43,
ALASKA,2018,43,1
WYOMING,2018,43,
MINNESOTA,2018,43,
DIST. OF COL.,2018,43,
NEW YORK,2018,43,19
FLORIDA,2018,43,
GUAM,2018,43,
ARKANSAS,2018,43,3
ARIZONA,2018,43,2
INDIANA,2018,43,
ALABAMA,2018,43,6
LOUISIANA,2018,43,
COLORADO,2018,43,6
MONTANA,2018,43,1
VIRGINIA,2018,43,
NEW ENGLAND,2018,43,6
VERMONT,2018,43,
OHIO,2018,43,10
MOUNTAIN,2018,43,15
IOWA,2018,43,
OREGON,2018,43,2
MASSACHUSETTS,2018,43,1
ALASKA,2018,44,1
PUERTO RICO,2018,44,
MASSACHUSETTS,2018,44,7
WISCONSIN,2018,44,5
VERMONT,2018,44,
PENNSYLVANIA,2018,44,12
MINNESOTA,2018,44,
COLORADO,2018,44,
SOUTH DAKOTA,2018,44,
CONNECTICUT,2018,44,1
HAWAII,2018,44,
NEW ENGLAND,2018,44,11
MID. ATLANTIC,2018,44,57
LOUISIANA,2018,44,
PACIFIC,2018,44,15
ALABAMA,2018,44,
MOUNTAIN,2018,44,4
UNITED STATES,2018,44,133
NORTH DAKOTA,2018,44,
DELAWARE,2018,44,
NEW YORK CITY,2018,44,18
E.S. CENTRAL,2018,44,
VIRGIN ISL.,2018,44,
WYOMING,2018,44,
MICHIGAN,2018,44,
GEORGIA,2018,44,
NEVADA,2018,44,
MONTANA,2018,44,1
ARKANSAS,2018,44,2
WEST VIRGINIA,2018,44,
KANSAS,2018,44,
TEXAS,2018,44,
DIST. OF COL.,2018,44,
FLORIDA,2018,44,19
W.S. CENTRAL,2018,44,2
OHIO,2018,44,8
C.N.M.I.,2018,44,
IDAHO,2018,44,2
MISSOURI,2018,44,
VIRGINIA,2018,44,5
TENNESSEE,2018,44,
E.N. CENTRAL,2018,44,13
W.N. CENTRAL,2018,44,1
RHODE ISLAND,2018,44,
NEW JERSEY,2018,44,
MISSISSIPPI,2018,44,
KENTUCKY,2018,44,
IOWA,2018,44,
ILLINOIS,2018,44,
AMER. SAMOA,2018,44,
ARIZONA,2018,44,
UTAH,2018,44,1
NEBRASKA,2018,44,1
MARYLAND,2018,44,5
GUAM,2018,44,
SOUTH CAROLINA,2018,44,1
WASHINGTON,2018,44,
CALIFORNIA,2018,44,10
NEW HAMPSHIRE,2018,44,1
NEW YORK,2018,44,27
S. ATLANTIC,2018,44,30
NORTH CAROLINA,2018,44,
INDIANA,2018,44,
OREGON,2018,44,4
MAINE,2018,44,2
NEW MEXICO,2018,44,
OKLAHOMA,2018,44,
MISSOURI,2018,45,2
NEW JERSEY,2018,45,
ALASKA,2018,45,
UTAH,2018,45,4
INDIANA,2018,45,
ARIZONA,2018,45,2
ALABAMA,2018,45,3
TENNESSEE,2018,45,
MARYLAND,2018,45,5
MISSISSIPPI,2018,45,
OKLAHOMA,2018,45,
MONTANA,2018,45,1
RHODE ISLAND,2018,45,
VIRGIN ISL.,2018,45,
WEST VIRGINIA,2018,45,
MOUNTAIN,2018,45,19
ILLINOIS,2018,45,
GUAM,2018,45,
MINNESOTA,2018,45,
PACIFIC,2018,45,8
LOUISIANA,2018,45,
MASSACHUSETTS,2018,45,3
E.N. CENTRAL,2018,45,10
AMER. SAMOA,2018,45,
NEVADA,2018,45,
PENNSYLVANIA,2018,45,3
NEW YORK,2018,45,18
DELAWARE,2018,45,
UNITED STATES,2018,45,103
COLORADO,2018,45,11
NEW HAMPSHIRE,2018,45,
ARKANSAS,2018,45,2
GEORGIA,2018,45,3
OREGON,2018,45,2
TEXAS,2018,45,
WYOMING,2018,45,
MID. ATLANTIC,2018,45,39
NEW MEXICO,2018,45,
NEBRASKA,2018,45,1
IOWA,2018,45,
W.N. CENTRAL,2018,45,3
NORTH CAROLINA,2018,45,
NEW ENGLAND,2018,45,6
OHIO,2018,45,
W.S. CENTRAL,2018,45,2
VERMONT,2018,45,
FLORIDA,2018,45,
MAINE,2018,45,3
PUERTO RICO,2018,45,
KANSAS,2018,45,
NEW YORK CITY,2018,45,18
VIRGINIA,2018,45,5
KENTUCKY,2018,45,
MICHIGAN,2018,45,1
C.N.M.I.,2018,45,
E.S. CENTRAL,2018,45,3
CALIFORNIA,2018,45,6
SOUTH CAROLINA,2018,45,
IDAHO,2018,45,1
WISCONSIN,2018,45,9
WASHINGTON,2018,45,
NORTH DAKOTA,2018,45,
DIST. OF COL.,2018,45,
S. ATLANTIC,2018,45,13
HAWAII,2018,45,
CONNECTICUT,2018,45,
SOUTH DAKOTA,2018,45,
TEXAS,2018,46,
GUAM,2018,46,
IDAHO,2018,46,3
S. ATLANTIC,2018,46,8
NORTH DAKOTA,2018,46,
DELAWARE,2018,46,
NEBRASKA,2018,46,
W.N. CENTRAL,2018,46,2
NEW ENGLAND,2018,46,6
WYOMING,2018,46,
WASHINGTON,2018,46,
MONTANA,2018,46,
E.N. CENTRAL,2018,46,11
UNITED STATES,2018,46,81
RHODE ISLAND,2018,46,
ARIZONA,2018,46,1
OREGON,2018,46,1
NORTH CAROLINA,2018,46,
NEW JERSEY,2018,46,
ARKANSAS,2018,46,3
NEW YORK CITY,2018,46,12
MICHIGAN,2018,46,
ALABAMA,2018,46,
CALIFORNIA,2018,46,5
HAWAII,2018,46,
IOWA,2018,46,
COLORADO,2018,46,2
C.N.M.I.,2018,46,
VIRGIN ISL.,2018,46,
E.S. CENTRAL,2018,46,
SOUTH CAROLINA,2018,46,1
SOUTH DAKOTA,2018,46,
LOUISIANA,2018,46,
MID. ATLANTIC,2018,46,34
WEST VIRGINIA,2018,46,
PENNSYLVANIA,2018,46,8
MISSISSIPPI,2018,46,
GEORGIA,2018,46,
MASSACHUSETTS,2018,46,5
FLORIDA,2018,46,
INDIANA,2018,46,
MAINE,2018,46,1
KANSAS,2018,46,
DIST. OF COL.,2018,46,
MINNESOTA,2018,46,
ILLINOIS,2018,46,
OHIO,2018,46,6
VERMONT,2018,46,
VIRGINIA,2018,46,5
MISSOURI,2018,46,2
PUERTO RICO,2018,46,
NEVADA,2018,46,2
WISCONSIN,2018,46,5
PACIFIC,2018,46,6
KENTUCKY,2018,46,
MOUNTAIN,2018,46,11
ALASKA,2018,46,
NEW MEXICO,2018,46,
W.S. CENTRAL,2018,46,3
TENNESSEE,2018,46,
UTAH,2018,46,3
NEW YORK,2018,46,14
NEW HAMPSHIRE,2018,46,
OKLAHOMA,2018,46,
AMER. SAMOA,2018,46,
CONNECTICUT,2018,46,
MARYLAND,2018,46,2
MARYLAND,2018,47,
ARIZONA,2018,47,
DELAWARE,2018,47,
HAWAII,2018,47,
COLORADO,2018,47,7
ALASKA,2018,47,1
C.N.M.I.,2018,47,
UNITED STATES,2018,47,41
WEST VIRGINIA,2018,47,
FLORIDA,2018,47,
MISSOURI,2018,47,
NEW YORK CITY,2018,47,8
SOUTH CAROLINA,2018,47,1
MOUNTAIN,2018,47,9
MAINE,2018,47,
ILLINOIS,2018,47,
VIRGIN ISL.,2018,47,
NEBRASKA,2018,47,
W.N. CENTRAL,2018,47,
INDIANA,2018,47,
TENNESSEE,2018,47,
IOWA,2018,47,
NEW JERSEY,2018,47,
DIST. OF COL.,2018,47,
TEXAS,2018,47,
WASHINGTON,2018,47,
NEVADA,2018,47,
PACIFIC,2018,47,13
ALABAMA,2018,47,3
NEW ENGLAND,2018,47,
NORTH DAKOTA,2018,47,
PENNSYLVANIA,2018,47,
MISSISSIPPI,2018,47,
SOUTH DAKOTA,2018,47,
OKLAHOMA,2018,47,
LOUISIANA,2018,47,
RHODE ISLAND,2018,47,
NEW MEXICO,2018,47,
IDAHO,2018,47,
VIRGINIA,2018,47,
OHIO,2018,47,
MICHIGAN,2018,47,1
MID. ATLANTIC,2018,47,8
NEW YORK,2018,47,
E.S. CENTRAL,2018,47,3
KENTUCKY,2018,47,
NEW HAMPSHIRE,2018,47,
MONTANA,2018,47,
VERMONT,2018,47,
WYOMING,2018,47,
UTAH,2018,47,2
NORTH CAROLINA,2018,47,
AMER. SAMOA,2018,47,
S. ATLANTIC,2018,47,1
E.N. CENTRAL,2018,47,7
ARKANSAS,2018,47,
MINNESOTA,2018,47,
GUAM,2018,47,
GEORGIA,2018,47,
CONNECTICUT,2018,47,
WISCONSIN,2018,47,6
CALIFORNIA,2018,47,7
OREGON,2018,47,5
W.S. CENTRAL,2018,47,
KANSAS,2018,47,
MASSACHUSETTS,2018,47,
PUERTO RICO,2018,47,
NORTH DAKOTA,2018,48,
UTAH,2018,48,2
CALIFORNIA,2018,48,6
W.N. CENTRAL,2018,48,6
WEST VIRGINIA,2018,48,
ILLINOIS,2018,48,
MID. ATLANTIC,2018,48,50
NEW YORK,2018,48,17
S. ATLANTIC,2018,48,9
GEORGIA,2018,48,
C.N.M.I.,2018,48,
CONNECTICUT,2018,48,
GUAM,2018,48,
NEW HAMPSHIRE,2018,48,3
AMER. SAMOA,2018,48,
NEW YORK CITY,2018,48,18
WASHINGTON,2018,48,
OREGON,2018,48,1
NEBRASKA,2018,48,3
TENNESSEE,2018,48,
OHIO,2018,48,9
MONTANA,2018,48,
ARIZONA,2018,48,3
HAWAII,2018,48,
VERMONT,2018,48,
MOUNTAIN,2018,48,20
WISCONSIN,2018,48,2
MICHIGAN,2018,48,2
W.S. CENTRAL,2018,48,4
NEW ENGLAND,2018,48,11
E.S. CENTRAL,2018,48,1
FLORIDA,2018,48,
SOUTH CAROLINA,2018,48,3
DELAWARE,2018,48,
WYOMING,2018,48,
ALASKA,2018,48,
OKLAHOMA,2018,48,
IOWA,2018,48,1
RHODE ISLAND,2018,48,
MASSACHUSETTS,2018,48,8
KENTUCKY,2018,48,
VIRGINIA,2018,48,2
UNITED STATES,2018,48,121
PACIFIC,2018,48,7
PENNSYLVANIA,2018,48,15
PUERTO RICO,2018,48,
ARKANSAS,2018,48,4
E.N. CENTRAL,2018,48,13
IDAHO,2018,48,4
NEW MEXICO,2018,48,
INDIANA,2018,48,
TEXAS,2018,48,
ALABAMA,2018,48,1
MARYLAND,2018,48,4
DIST. OF COL.,2018,48,
KANSAS,2018,48,
MINNESOTA,2018,48,
MISSISSIPPI,2018,48,
NEVADA,2018,48,
MAINE,2018,48,
NEW JERSEY,2018,48,
LOUISIANA,2018,48,
NORTH CAROLINA,2018,48,
COLORADO,2018,48,11
VIRGIN ISL.,2018,48,
SOUTH DAKOTA,2018,48,
MISSOURI,2018,48,2
OREGON,2018,49,
NEW HAMPSHIRE,2018,49,2
VERMONT,2018,49,
MISSOURI,2018,49,2
ALASKA,2018,49,
MASSACHUSETTS,2018,49,7
ALABAMA,2018,49,1
UNITED STATES,2018,49,108
E.S. CENTRAL,2018,49,1
PUERTO RICO,2018,49,
SOUTH CAROLINA,2018,49,1
CONNECTICUT,2018,49,2
TEXAS,2018,49,
NEBRASKA,2018,49,2
NEW YORK,2018,49,9
WYOMING,2018,49,
WEST VIRGINIA,2018,49,
TENNESSEE,2018,49,
MARYLAND,2018,49,3
W.N. CENTRAL,2018,49,4
ARIZONA,2018,49,1
MAINE,2018,49,
NEVADA,2018,49,1
S. ATLANTIC,2018,49,24
MID. ATLANTIC,2018,49,38
W.S. CENTRAL,2018,49,
MICHIGAN,2018,49,1
COLORADO,2018,49,8
VIRGIN ISL.,2018,49,
ILLINOIS,2018,49,
GUAM,2018,49,
NEW ENGLAND,2018,49,11
MINNESOTA,2018,49,
DELAWARE,2018,49,
CALIFORNIA,2018,49,2
MONTANA,2018,49,
IOWA,2018,49,
NEW YORK CITY,2018,49,24
VIRGINIA,2018,49,3
UTAH,2018,49,4
RHODE ISLAND,2018,49,
KENTUCKY,2018,49,
LOUISIANA,2018,49,
FLORIDA,2018,49,17
DIST. OF COL.,2018,49,
INDIANA,2018,49,
NORTH DAKOTA,2018,49,
NEW JERSEY,2018,49,
OKLAHOMA,2018,49,
OHIO,2018,49,7
NORTH CAROLINA,2018,49,
SOUTH DAKOTA,2018,49,
GEORGIA,2018,49,
MOUNTAIN,2018,49,19
C.N.M.I.,2018,49,
PACIFIC,2018,49,2
WASHINGTON,2018,49,
IDAHO,2018,49,5
HAWAII,2018,49,
WISCONSIN,2018,49,1
ARKANSAS,2018,49,
NEW MEXICO,2018,49,
E.N. CENTRAL,2018,49,9
MISSISSIPPI,2018,49,
AMER. SAMOA,2018,49,
PENNSYLVANIA,2018,49,5
KANSAS,2018,49,
NEW MEXICO,2018,50,
OHIO,2018,50,23
GUAM,2018,50,
PACIFIC,2018,50,13
DIST. OF COL.,2018,50,
E.S. CENTRAL,2018,50,1
VIRGIN ISL.,2018,50,
NORTH CAROLINA,2018,50,
UTAH,2018,50,
WASHINGTON,2018,50,
LOUISIANA,2018,50,
PENNSYLVANIA,2018,50,3
W.S. CENTRAL,2018,50,
NEBRASKA,2018,50,
ARKANSAS,2018,50,
SOUTH DAKOTA,2018,50,
AMER. SAMOA,2018,50,
NEW JERSEY,2018,50,
HAWAII,2018,50,
ARIZONA,2018,50,3
TENNESSEE,2018,50,
WEST VIRGINIA,2018,50,
KENTUCKY,2018,50,
VIRGINIA,2018,50,
S. ATLANTIC,2018,50,3
SOUTH CAROLINA,2018,50,2
C.N.M.I.,2018,50,
GEORGIA,2018,50,
MONTANA,2018,50,
NEW YORK CITY,2018,50,18
ALASKA,2018,50,
CALIFORNIA,2018,50,11
COLORADO,2018,50,6
MOUNTAIN,2018,50,9
OREGON,2018,50,2
INDIANA,2018,50,
MISSISSIPPI,2018,50,
MINNESOTA,2018,50,
KANSAS,2018,50,
NEVADA,2018,50,
NORTH DAKOTA,2018,50,
MARYLAND,2018,50,1
VERMONT,2018,50,
E.N. CENTRAL,2018,50,28
IOWA,2018,50,
NEW HAMPSHIRE,2018,50,
RHODE ISLAND,2018,50,
MAINE,2018,50,
OKLAHOMA,2018,50,
PUERTO RICO,2018,50,
MISSOURI,2018,50,2
WYOMING,2018,50,
TEXAS,2018,50,
WISCONSIN,2018,50,1
W.N. CENTRAL,2018,50,2
MASSACHUSETTS,2018,50,4
UNITED STATES,2018,50,93
CONNECTICUT,2018,50,
NEW ENGLAND,2018,50,4
MID. ATLANTIC,2018,50,33
ILLINOIS,2018,50,
DELAWARE,2018,50,
ALABAMA,2018,50,1
MICHIGAN,2018,50,4
NEW YORK,2018,50,12
FLORIDA,2018,50,
IDAHO,2018,50,
INDIANA,2018,51,
IDAHO,2018,51,1
FLORIDA,2018,51,
SOUTH DAKOTA,2018,51,
KANSAS,2018,51,
ALABAMA,2018,51,1
MASSACHUSETTS,2018,51,4
VIRGIN ISL.,2018,51,
W.N. CENTRAL,2018,51,3
COLORADO,2018,51,5
HAWAII,2018,51,
NEBRASKA,2018,51,3
WASHINGTON,2018,51,
TENNESSEE,2018,51,
TEXAS,2018,51,
LOUISIANA,2018,51,
MAINE,2018,51,1
NEW ENGLAND,2018,51,5
WISCONSIN,2018,51,7
NORTH CAROLINA,2018,51,
GUAM,2018,51,
MID. ATLANTIC,2018,51,49
UTAH,2018,51,3
ARKANSAS,2018,51,
MICHIGAN,2018,51,1
MONTANA,2018,51,2
DELAWARE,2018,51,
SOUTH CAROLINA,2018,51,2
NEVADA,2018,51,
MISSISSIPPI,2018,51,
CALIFORNIA,2018,51,3
PENNSYLVANIA,2018,51,4
CONNECTICUT,2018,51,
IOWA,2018,51,
E.N. CENTRAL,2018,51,8
NEW YORK,2018,51,25
NEW MEXICO,2018,51,
MOUNTAIN,2018,51,11
AMER. SAMOA,2018,51,
ARIZONA,2018,51,
WYOMING,2018,51,
PUERTO RICO,2018,51,
ALASKA,2018,51,
MARYLAND,2018,51,2
NEW HAMPSHIRE,2018,51,
PACIFIC,2018,51,3
MINNESOTA,2018,51,
ILLINOIS,2018,51,
OKLAHOMA,2018,51,
MISSOURI,2018,51,
KENTUCKY,2018,51,
OHIO,2018,51,
WEST VIRGINIA,2018,51,
GEORGIA,2018,51,
RHODE ISLAND,2018,51,
NORTH DAKOTA,2018,51,
VIRGINIA,2018,51,5
DIST. OF COL.,2018,51,
S. ATLANTIC,2018,51,9
OREGON,2018,51,
C.N.M.I.,2018,51,
UNITED STATES,2018,51,89
NEW JERSEY,2018,51,
W.S. CENTRAL,2018,51,
NEW YORK CITY,2018,51,20
E.S. CENTRAL,2018,51,1
VERMONT,2018,51,
VIRGIN ISL.,2018,52,
GUAM,2018,52,
S. ATLANTIC,2018,52,7
E.S. CENTRAL,2018,52,1
CALIFORNIA,2018,52,7
SOUTH DAKOTA,2018,52,
TENNESSEE,2018,52,
MICHIGAN,2018,52,
ALASKA,2018,52,
WEST VIRGINIA,2018,52,
OKLAHOMA,2018,52,
NEW ENGLAND,2018,52,5
NEW JERSEY,2018,52,
WASHINGTON,2018,52,
MISSOURI,2018,52,
WYOMING,2018,52,
ARKANSAS,2018,52,
OHIO,2018,52,
ARIZONA,2018,52,
OREGON,2018,52,2
NORTH CAROLINA,2018,52,
NORTH DAKOTA,2018,52,
IOWA,2018,52,
HAWAII,2018,52,
INDIANA,2018,52,
MID. ATLANTIC,2018,52,23
DELAWARE,2018,52,
NEW HAMPSHIRE,2018,52,
MOUNTAIN,2018,52,
UNITED STATES,2018,52,46
C.N.M.I.,2018,52,
RHODE ISLAND,2018,52,
GEORGIA,2018,52,
VERMONT,2018,52,
NEW MEXICO,2018,52,
MONTANA,2018,52,
DIST. OF COL.,2018,52,
NEW YORK,2018,52,11
CONNECTICUT,2018,52,
NEVADA,2018,52,
COLORADO,2018,52,
MAINE,2018,52,
SOUTH CAROLINA,2018,52,2
UTAH,2018,52,
KANSAS,2018,52,
KENTUCKY,2018,52,
ALABAMA,2018,52,1
W.S. CENTRAL,2018,52,
AMER. SAMOA,2018,52,
MISSISSIPPI,2018,52,
MINNESOTA,2018,52,
FLORIDA,2018,52,
IDAHO,2018,52,
TEXAS,2018,52,
MASSACHUSETTS,2018,52,5
E.N. CENTRAL,2018,52,1
LOUISIANA,2018,52,
W.N. CENTRAL,2018,52,
WISCONSIN,2018,52,1
MARYLAND,2018,52,1
VIRGINIA,2018,52,4
PUERTO RICO,2018,52,
ILLINOIS,2018,52,
NEBRASKA,2018,52,
PACIFIC,2018,52,9
PENNSYLVANIA,2018,52,3
NEW YORK CITY,2018,52,9
C.N.M.I.,2018,8,
GUAM,2018,8,
IOWA,2018,8,
VIRGIN ISL.,2018,8,
PUERTO RICO,2018,8,
